Temperatura del Aire [°C],Temperatura del Proceso [°C],Nivel de Vibración,Horas de Operación,Tipo de Falla
24.950000000000045,35.450000000000045,42.0,20.0,Sin Falla
25.05000000000001,35.55000000000001,52.0,21.0,Sin Falla
24.950000000000045,35.35000000000002,44.0,18.0,Sin Falla
25.05000000000001,35.450000000000045,52.0,10.0,Sin Falla
25.05000000000001,35.55000000000001,44.0,10.0,Sin Falla
24.950000000000045,35.450000000000045,35.0,24.0,Sin Falla
24.950000000000045,35.450000000000045,36.0,20.0,Sin Falla
24.950000000000045,35.450000000000045,33.0,14.0,Sin Falla
25.150000000000034,35.55000000000001,23.0,22.0,Sin Falla
25.350000000000023,35.85000000000002,45.0,22.0,Sin Falla
25.25,35.75,55.0,19.73,Sin Falla
25.450000000000045,35.950000000000045,45.0,20.03,Sin Falla
25.450000000000045,35.950000000000045,34.0,20.33,Sin Falla
25.450000000000045,36.05000000000001,34.0,20.62,Sin Falla
25.450000000000045,36.05000000000001,23.0,20.92,Sin Falla
25.450000000000045,36.05000000000001,42.0,21.22,Sin Falla
25.450000000000045,36.05000000000001,54.0,21.52,Sin Falla
25.55000000000001,36.05000000000001,55.0,21.81,Sin Falla
25.650000000000034,36.05000000000001,54.0,22.11,Sin Falla
25.75,36.150000000000034,34.0,22.41,Sin Falla
25.75,36.150000000000034,33.0,22.7,Sin Falla
25.650000000000034,36.150000000000034,23.0,23.0,Sin Falla
25.75,36.150000000000034,24.0,23.3,Sin Falla
25.850000000000023,36.25,36.0,23.59,Sin Falla
25.850000000000023,36.25,34.0,23.89,Sin Falla
25.850000000000023,36.35000000000002,35.0,24.19,Sin Falla
25.950000000000045,36.35000000000002,36.0,24.48,Sin Falla
25.950000000000045,36.25,37.0,24.78,Sin Falla
25.950000000000045,36.25,38.0,25.08,Sin Falla
25.850000000000023,36.25,39.0,25.38,Sin Falla
25.950000000000045,36.35000000000002,40.0,25.67,Sin Falla
25.850000000000023,36.25,34.56129032,25.97,Sin Falla
25.850000000000023,36.25,34.27983871,26.27,Sin Falla
25.75,36.150000000000034,33.9983871,26.56,Sin Falla
25.650000000000034,35.950000000000045,33.71693548,26.86,Sin Falla
25.650000000000034,36.05000000000001,33.43548387,27.16,Sin Falla
25.75,36.05000000000001,33.15403226,27.45,Sin Falla
25.650000000000034,35.950000000000045,32.87258065,27.75,Sin Falla
25.75,36.05000000000001,32.59112903,28.05,Sin Falla
25.650000000000034,35.950000000000045,32.30967742,28.35,Sin Falla
25.650000000000034,35.950000000000045,32.02822581,28.64,Sin Falla
25.650000000000034,35.950000000000045,31.74677419,28.94,Sin Falla
25.650000000000034,35.950000000000045,31.46532258,29.24,Sin Falla
25.650000000000034,36.05000000000001,31.18387097,29.53,Sin Falla
25.650000000000034,35.950000000000045,30.90241935,29.83,Sin Falla
25.650000000000034,35.950000000000045,30.62096774,30.13,Sin Falla
25.55000000000001,35.85000000000002,30.33951613,30.42,Sin Falla
25.650000000000034,35.950000000000045,30.05806452,30.72,Sin Falla
25.650000000000034,36.05000000000001,29.7766129,31.02,Sin Falla
25.75,36.05000000000001,29.49516129,31.32,Sin Falla
25.75,35.950000000000045,29.21370968,48.0,Falla de Energía
25.75,35.950000000000045,28.93225806,24.0,Sin Falla
25.650000000000034,35.85000000000002,28.65080645,20.0,Sin Falla
25.55000000000001,35.85000000000002,28.36935484,22.0,Sin Falla
25.55000000000001,35.85000000000002,28.08790323,14.0,Sin Falla
25.650000000000034,35.950000000000045,27.80645161,15.0,Sin Falla
25.650000000000034,35.950000000000045,27.525,58.0,Sin Falla
25.650000000000034,35.950000000000045,27.24354839,22.0,Sin Falla
25.650000000000034,35.85000000000002,26.96209677,36.0,Sin Falla
25.650000000000034,35.950000000000045,26.68064516,14.0,Sin Falla
25.650000000000034,35.950000000000045,26.39919355,21.0,Sin Falla
25.650000000000034,35.85000000000002,26.11774194,26.87,Sin Falla
25.650000000000034,35.85000000000002,25.83629032,27.28,Sin Falla
25.75,35.85000000000002,25.55483871,27.69,Sin Falla
25.850000000000023,35.950000000000045,25.2733871,28.1,Sin Falla
25.850000000000023,35.950000000000045,24.99193548,28.52,Sin Falla
25.75,35.75,24.71048387,28.93,Sin Falla
25.650000000000034,35.75,24.42903226,29.34,Sin Falla
25.650000000000034,35.75,24.14758065,29.75,Sin Falla
25.75,35.85000000000002,42.0,47.0,Falla de Energía
25.75,35.85000000000002,52.0,30.58,Sin Falla
25.75,35.950000000000045,44.0,30.99,Sin Falla
25.75,35.950000000000045,52.0,31.4,Sin Falla
25.850000000000023,35.950000000000045,44.0,55.0,Falla por Desgaste de Herramienta
25.75,35.85000000000002,35.0,57.0,Falla por Desgaste de Herramienta
25.650000000000034,35.75,36.0,84.0,Falla por Desgaste de Herramienta
25.650000000000034,35.75,33.0,47.0,Falla por Desgaste de Herramienta
25.650000000000034,35.75,23.0,56.0,Falla por Desgaste de Herramienta
25.650000000000034,35.75,45.0,96.0,Falla por Desgaste de Herramienta
25.650000000000034,35.75,55.0,55.0,Falla por Desgaste de Herramienta
25.650000000000034,35.650000000000034,45.0,24.0,Sin Falla
25.75,35.75,34.0,22.0,Sin Falla
25.75,35.75,34.0,15.0,Sin Falla
25.850000000000023,35.85000000000002,23.0,15.0,Sin Falla
25.75,35.75,42.0,11.0,Sin Falla
25.850000000000023,35.85000000000002,54.0,10.0,Sin Falla
25.850000000000023,35.85000000000002,55.0,14.0,Sin Falla
25.850000000000023,35.85000000000002,54.0,25.0,Sin Falla
25.850000000000023,35.85000000000002,34.0,22.0,Sin Falla
25.75,35.75,33.0,27.0,Sin Falla
25.75,35.75,23.0,19.0,Sin Falla
25.75,35.75,24.0,20.67,Sin Falla
25.75,35.75,36.0,21.03,Sin Falla
25.950000000000045,35.85000000000002,34.0,21.38,Sin Falla
25.850000000000023,35.75,35.0,21.74,Sin Falla
25.850000000000023,35.85000000000002,36.0,22.09,Sin Falla
25.850000000000023,35.85000000000002,37.0,22.45,Sin Falla
25.75,35.75,38.0,22.8,Sin Falla
25.75,35.650000000000034,39.0,23.15,Sin Falla
25.650000000000034,35.650000000000034,40.0,23.51,Sin Falla
25.650000000000034,35.75,42.0,23.86,Sin Falla
25.650000000000034,35.650000000000034,52.0,24.22,Sin Falla
25.650000000000034,35.650000000000034,44.0,24.57,Sin Falla
25.650000000000034,35.650000000000034,52.0,24.93,Sin Falla
25.650000000000034,35.55000000000001,44.0,25.28,Sin Falla
25.650000000000034,35.55000000000001,35.0,25.64,Sin Falla
25.650000000000034,35.55000000000001,36.0,25.99,Sin Falla
25.650000000000034,35.650000000000034,33.0,26.35,Sin Falla
25.75,35.650000000000034,23.0,26.7,Sin Falla
25.75,35.55000000000001,45.0,27.05,Sin Falla
25.650000000000034,35.450000000000045,55.0,27.41,Sin Falla
25.55000000000001,35.450000000000045,45.0,27.76,Sin Falla
25.650000000000034,35.55000000000001,34.0,28.12,Sin Falla
25.650000000000034,35.450000000000045,34.0,28.47,Sin Falla
25.650000000000034,35.450000000000045,23.0,28.83,Sin Falla
25.650000000000034,35.450000000000045,42.0,29.18,Sin Falla
25.75,35.55000000000001,54.0,29.54,Sin Falla
25.650000000000034,35.450000000000045,55.0,29.89,Sin Falla
25.650000000000034,35.450000000000045,54.0,30.25,Sin Falla
25.55000000000001,35.35000000000002,34.0,30.6,Sin Falla
25.75,35.55000000000001,33.0,30.95,Sin Falla
25.75,35.55000000000001,23.0,31.31,Sin Falla
25.850000000000023,35.650000000000034,24.0,31.66,Sin Falla
25.75,35.55000000000001,36.0,32.02,Sin Falla
25.75,35.55000000000001,34.0,32.37,Sin Falla
25.75,35.450000000000045,35.0,32.73,Sin Falla
25.850000000000023,35.450000000000045,36.0,33.08,Sin Falla
25.75,35.450000000000045,37.0,33.44,Sin Falla
25.850000000000023,35.450000000000045,38.0,33.79,Sin Falla
25.75,35.35000000000002,39.0,34.15,Sin Falla
25.650000000000034,35.25,40.0,34.5,Sin Falla
25.650000000000034,35.25,42.0,34.85,Sin Falla
25.55000000000001,35.25,52.0,35.21,Sin Falla
25.55000000000001,35.25,44.0,35.56,Sin Falla
25.650000000000034,35.25,52.0,35.92,Sin Falla
25.650000000000034,35.35000000000002,44.0,36.27,Sin Falla
25.55000000000001,35.35000000000002,35.0,36.63,Sin Falla
25.55000000000001,35.450000000000045,36.0,36.98,Sin Falla
25.650000000000034,35.450000000000045,33.0,37.34,Sin Falla
25.650000000000034,35.450000000000045,23.0,37.69,Sin Falla
25.650000000000034,35.450000000000045,45.0,38.05,Sin Falla
25.55000000000001,35.35000000000002,55.0,38.4,Sin Falla
25.450000000000045,35.25,45.0,38.75,Sin Falla
25.450000000000045,35.25,34.0,39.11,Sin Falla
25.450000000000045,35.25,34.0,39.46,Sin Falla
25.350000000000023,35.25,23.0,39.82,Sin Falla
25.350000000000023,35.25,42.0,40.17,Sin Falla
25.25,35.25,54.0,40.53,Sin Falla
25.150000000000034,35.150000000000034,55.0,40.88,Sin Falla
25.25,35.150000000000034,54.0,41.24,Sin Falla
25.25,35.150000000000034,34.0,41.59,Sin Falla
25.25,35.05000000000001,33.0,41.95,Sin Falla
25.25,35.05000000000001,23.0,42.3,Sin Falla
25.25,35.05000000000001,24.0,42.65,Sin Falla
25.25,35.05000000000001,36.0,43.01,Sin Falla
25.25,35.05000000000001,34.0,43.36,Sin Falla
25.25,34.950000000000045,35.0,43.72,Sin Falla
25.25,35.05000000000001,36.0,44.07,Sin Falla
25.25,35.05000000000001,37.0,44.43,Sin Falla
25.25,35.05000000000001,38.0,44.78,Sin Falla
25.25,35.05000000000001,39.0,45.14,Falla por Sobrecarga
25.150000000000034,34.950000000000045,40.0,45.49,Falla por Sobrecarga
25.150000000000034,34.950000000000045,42.0,45.85,Sin Falla
25.25,35.05000000000001,52.0,46.2,Sin Falla
25.350000000000023,35.150000000000034,44.0,46.55,Sin Falla
25.350000000000023,35.25,52.0,46.91,Sin Falla
25.25,35.05000000000001,44.0,47.26,Sin Falla
25.25,35.150000000000034,35.0,47.62,Sin Falla
25.25,35.150000000000034,36.0,47.97,Falla de Energía
25.25,35.150000000000034,33.0,48.33,Sin Falla
25.25,35.05000000000001,23.0,48.68,Sin Falla
25.05000000000001,34.950000000000045,45.0,49.04,Falla por Desgaste de Herramienta
24.950000000000045,34.85000000000002,55.0,49.39,Falla por Desgaste de Herramienta
25.05000000000001,34.85000000000002,45.0,49.75,Falla por Desgaste de Herramienta
25.05000000000001,34.950000000000045,34.0,50.1,Sin Falla
25.05000000000001,34.950000000000045,34.0,50.45,Sin Falla
25.05000000000001,34.950000000000045,23.0,50.81,Sin Falla
25.05000000000001,35.05000000000001,42.0,51.16,Sin Falla
25.05000000000001,35.05000000000001,54.0,51.52,Sin Falla
25.05000000000001,35.150000000000034,55.0,51.87,Sin Falla
25.05000000000001,35.150000000000034,54.0,52.23,Sin Falla
25.05000000000001,35.150000000000034,34.0,52.58,Sin Falla
24.950000000000045,35.05000000000001,33.0,52.94,Sin Falla
24.950000000000045,35.05000000000001,23.0,53.29,Sin Falla
25.05000000000001,35.05000000000001,24.0,53.65,Sin Falla
25.05000000000001,35.05000000000001,36.0,54.0,Sin Falla
24.950000000000045,35.150000000000034,34.0,54.35,Sin Falla
25.05000000000001,35.25,35.0,54.71,Sin Falla
25.150000000000034,35.35000000000002,36.0,55.06,Sin Falla
25.150000000000034,35.25,37.0,55.42,Sin Falla
25.05000000000001,35.25,38.0,55.77,Sin Falla
25.05000000000001,35.25,39.0,56.13,Sin Falla
25.05000000000001,35.25,40.0,56.48,Sin Falla
25.05000000000001,35.25,42.0,56.84,Sin Falla
25.05000000000001,35.35000000000002,52.0,57.19,Sin Falla
25.150000000000034,35.35000000000002,44.0,57.55,Sin Falla
25.150000000000034,35.450000000000045,52.0,57.9,Sin Falla
25.25,35.450000000000045,44.0,58.25,Sin Falla
25.25,35.55000000000001,35.0,58.61,Sin Falla
25.25,35.450000000000045,36.0,58.96,Sin Falla
25.25,35.450000000000045,33.0,59.32,Sin Falla
25.150000000000034,35.35000000000002,23.0,59.67,Sin Falla
25.25,35.35000000000002,45.0,60.03,Sin Falla
25.25,35.35000000000002,55.0,60.38,Sin Falla
25.25,35.35000000000002,45.0,60.74,Sin Falla
25.350000000000023,35.450000000000045,34.0,61.09,Sin Falla
25.350000000000023,35.55000000000001,34.0,61.45,Sin Falla
25.25,35.55000000000001,23.0,61.8,Sin Falla
25.25,35.450000000000045,42.0,62.15,Sin Falla
25.25,35.450000000000045,54.0,62.51,Sin Falla
25.25,35.55000000000001,55.0,62.86,Sin Falla
25.350000000000023,35.55000000000001,54.0,63.22,Sin Falla
25.25,35.55000000000001,34.0,63.57,Sin Falla
25.25,35.55000000000001,33.0,63.93,Sin Falla
25.150000000000034,35.450000000000045,23.0,64.28,Sin Falla
25.150000000000034,35.450000000000045,24.0,64.64,Sin Falla
25.150000000000034,35.450000000000045,36.0,64.99,Sin Falla
25.150000000000034,35.35000000000002,34.0,65.35,Sin Falla
25.150000000000034,35.450000000000045,35.0,65.7,Sin Falla
25.150000000000034,35.35000000000002,36.0,66.05,Sin Falla
25.150000000000034,35.35000000000002,37.0,66.41,Sin Falla
25.25,35.35000000000002,38.0,66.76,Sin Falla
25.25,35.450000000000045,39.0,67.12,Sin Falla
25.25,35.450000000000045,40.0,67.47,Sin Falla
25.150000000000034,35.450000000000045,34.56129032,67.83,Sin Falla
25.150000000000034,35.35000000000002,34.27983871,68.18,Sin Falla
25.150000000000034,35.25,33.9983871,68.54,Sin Falla
25.150000000000034,35.35000000000002,33.71693548,68.89,Sin Falla
25.150000000000034,35.35000000000002,33.43548387,69.25,Sin Falla
25.150000000000034,35.35000000000002,33.15403226,69.6,Sin Falla
25.150000000000034,35.450000000000045,32.87258065,69.95,Sin Falla
25.150000000000034,35.25,32.59112903,70.31,Sin Falla
25.05000000000001,35.25,32.30967742,70.66,Sin Falla
25.05000000000001,35.25,32.02822581,71.02,Sin Falla
25.05000000000001,35.25,31.74677419,71.37,Sin Falla
24.950000000000045,35.150000000000034,31.46532258,71.73,Sin Falla
24.950000000000045,35.150000000000034,31.18387097,72.08,Sin Falla
24.850000000000023,34.950000000000045,30.90241935,72.44,Sin Falla
24.75,34.950000000000045,30.62096774,72.79,Sin Falla
24.850000000000023,35.05000000000001,30.33951613,73.15,Sin Falla
24.850000000000023,34.950000000000045,30.05806452,73.5,Sin Falla
24.850000000000023,34.950000000000045,29.7766129,73.85,Sin Falla
24.850000000000023,35.05000000000001,29.49516129,74.21,Sin Falla
24.850000000000023,35.05000000000001,29.21370968,74.56,Sin Falla
24.850000000000023,35.05000000000001,28.93225806,74.92,Sin Falla
24.75,34.950000000000045,28.65080645,75.27,Sin Falla
24.75,34.950000000000045,28.36935484,75.63,Sin Falla
24.850000000000023,35.05000000000001,28.08790323,75.98,Sin Falla
24.850000000000023,35.150000000000034,27.80645161,76.34,Sin Falla
24.850000000000023,35.150000000000034,27.525,76.69,Sin Falla
24.850000000000023,35.150000000000034,27.24354839,77.05,Sin Falla
24.850000000000023,35.05000000000001,26.96209677,77.4,Sin Falla
24.850000000000023,35.05000000000001,26.68064516,77.75,Sin Falla
24.850000000000023,35.05000000000001,26.39919355,78.11,Sin Falla
24.850000000000023,35.05000000000001,26.11774194,78.46,Falla por Sobrecarga
24.850000000000023,35.05000000000001,25.83629032,78.82,Falla por Sobrecarga
24.950000000000045,35.150000000000034,25.55483871,79.17,Sin Falla
24.850000000000023,34.85000000000002,25.2733871,79.53,Sin Falla
24.950000000000045,35.05000000000001,24.99193548,79.88,Sin Falla
24.950000000000045,35.05000000000001,24.71048387,80.24,Sin Falla
25.05000000000001,35.150000000000034,24.42903226,80.59,Sin Falla
24.950000000000045,35.05000000000001,24.14758065,80.95,Sin Falla
24.950000000000045,35.05000000000001,42.0,81.3,Falla de Energía
24.850000000000023,34.950000000000045,52.0,81.65,Sin Falla
24.950000000000045,35.05000000000001,44.0,82.01,Sin Falla
24.850000000000023,34.950000000000045,52.0,82.36,Falla por Desgaste de Herramienta
24.850000000000023,34.950000000000045,44.0,82.72,Falla por Desgaste de Herramienta
24.75,34.85000000000002,35.0,83.07,Falla por Desgaste de Herramienta
24.75,34.85000000000002,36.0,83.43,Sin Falla
24.850000000000023,34.85000000000002,33.0,83.78,Sin Falla
24.850000000000023,34.85000000000002,23.0,84.14,Sin Falla
24.950000000000045,34.950000000000045,45.0,84.49,Sin Falla
24.950000000000045,34.950000000000045,55.0,84.85,Sin Falla
24.950000000000045,34.85000000000002,45.0,85.2,Sin Falla
24.950000000000045,34.85000000000002,34.0,85.55,Sin Falla
24.850000000000023,34.85000000000002,34.0,85.91,Sin Falla
24.850000000000023,34.75,23.0,86.26,Sin Falla
24.850000000000023,34.85000000000002,42.0,86.62,Sin Falla
24.850000000000023,34.85000000000002,54.0,86.97,Sin Falla
24.850000000000023,34.950000000000045,55.0,87.33,Sin Falla
24.950000000000045,34.950000000000045,54.0,87.68,Sin Falla
24.950000000000045,34.85000000000002,34.0,88.04,Sin Falla
24.950000000000045,34.950000000000045,33.0,88.39,Sin Falla
25.05000000000001,35.05000000000001,23.0,88.75,Sin Falla
25.05000000000001,35.150000000000034,24.0,89.1,Sin Falla
25.05000000000001,35.150000000000034,36.0,89.45,Sin Falla
25.05000000000001,35.150000000000034,34.0,89.81,Sin Falla
25.05000000000001,35.150000000000034,35.0,90.16,Sin Falla
25.05000000000001,35.25,36.0,90.52,Sin Falla
24.950000000000045,35.25,37.0,90.87,Sin Falla
24.950000000000045,35.25,38.0,91.23,Sin Falla
24.850000000000023,35.150000000000034,39.0,91.58,Sin Falla
24.950000000000045,35.25,40.0,91.94,Sin Falla
24.950000000000045,35.35000000000002,42.0,92.29,Sin Falla
24.950000000000045,35.35000000000002,52.0,92.65,Sin Falla
24.950000000000045,35.450000000000045,44.0,93.0,Sin Falla
24.850000000000023,35.35000000000002,52.0,93.35,Sin Falla
24.850000000000023,35.35000000000002,44.0,93.71,Sin Falla
24.75,35.35000000000002,35.0,94.06,Sin Falla
24.650000000000034,35.150000000000034,36.0,94.42,Sin Falla
24.650000000000034,35.25,33.0,94.77,Sin Falla
24.55000000000001,35.25,23.0,95.13,Sin Falla
24.650000000000034,35.25,45.0,95.48,Sin Falla
24.650000000000034,35.25,55.0,95.84,Sin Falla
24.650000000000034,35.25,45.0,96.19,Sin Falla
24.650000000000034,35.25,34.0,96.55,Sin Falla
24.650000000000034,35.25,34.0,96.9,Sin Falla
24.650000000000034,35.25,23.0,97.25,Sin Falla
24.75,35.35000000000002,42.0,97.61,Sin Falla
24.75,35.35000000000002,54.0,97.96,Sin Falla
24.850000000000023,35.450000000000045,55.0,98.32,Sin Falla
24.850000000000023,35.450000000000045,54.0,98.67,Sin Falla
24.75,35.450000000000045,34.0,99.03,Sin Falla
24.850000000000023,35.450000000000045,33.0,99.38,Sin Falla
24.75,35.35000000000002,23.0,99.74,Sin Falla
24.75,35.25,24.0,100.09,Sin Falla
24.650000000000034,35.25,36.0,100.45,Sin Falla
24.650000000000034,35.25,34.0,100.8,Sin Falla
24.650000000000034,35.25,35.0,101.15,Sin Falla
24.650000000000034,35.25,36.0,101.51,Sin Falla
24.650000000000034,35.25,37.0,101.86,Sin Falla
24.650000000000034,35.25,38.0,102.22,Sin Falla
24.650000000000034,35.35000000000002,39.0,102.57,Sin Falla
24.650000000000034,35.35000000000002,40.0,102.93,Sin Falla
24.650000000000034,35.35000000000002,42.0,103.28,Sin Falla
24.650000000000034,35.35000000000002,52.0,103.64,Sin Falla
24.55000000000001,35.35000000000002,44.0,103.99,Sin Falla
24.55000000000001,35.35000000000002,52.0,104.35,Sin Falla
24.450000000000045,35.25,44.0,104.7,Sin Falla
24.55000000000001,35.35000000000002,35.0,105.05,Sin Falla
24.450000000000045,35.25,36.0,105.41,Sin Falla
24.450000000000045,35.25,33.0,105.76,Sin Falla
24.450000000000045,35.150000000000034,23.0,106.12,Sin Falla
24.350000000000023,35.05000000000001,45.0,106.47,Sin Falla
24.350000000000023,34.950000000000045,55.0,106.83,Sin Falla
24.25,34.950000000000045,45.0,107.18,Sin Falla
24.450000000000045,35.05000000000001,34.0,107.54,Sin Falla
24.450000000000045,35.150000000000034,34.0,107.89,Sin Falla
24.350000000000023,35.05000000000001,23.0,108.25,Sin Falla
24.350000000000023,35.05000000000001,42.0,108.6,Sin Falla
24.25,34.950000000000045,54.0,108.95,Sin Falla
24.25,35.05000000000001,55.0,109.31,Sin Falla
24.25,35.05000000000001,54.0,109.66,Sin Falla
24.350000000000023,35.150000000000034,34.0,110.02,Sin Falla
24.350000000000023,35.05000000000001,33.0,110.37,Sin Falla
24.350000000000023,35.150000000000034,23.0,110.73,Sin Falla
24.350000000000023,35.150000000000034,24.0,111.08,Sin Falla
24.350000000000023,35.150000000000034,36.0,111.44,Sin Falla
24.450000000000045,35.150000000000034,34.0,111.79,Falla por Sobrecarga
24.450000000000045,35.150000000000034,35.0,112.15,Falla por Sobrecarga
24.450000000000045,35.150000000000034,36.0,112.5,Sin Falla
24.450000000000045,35.25,37.0,112.85,Sin Falla
24.450000000000045,35.25,38.0,113.21,Sin Falla
24.350000000000023,35.150000000000034,39.0,113.56,Sin Falla
24.450000000000045,35.150000000000034,40.0,113.92,Sin Falla
24.450000000000045,35.150000000000034,42.0,114.27,Sin Falla
24.450000000000045,35.25,52.0,114.63,Falla de Energía
24.450000000000045,35.25,44.0,114.98,Sin Falla
24.450000000000045,35.150000000000034,52.0,115.34,Sin Falla
24.450000000000045,35.150000000000034,44.0,115.69,Falla por Desgaste de Herramienta
24.350000000000023,35.150000000000034,35.0,116.05,Falla por Desgaste de Herramienta
24.350000000000023,35.150000000000034,36.0,116.4,Falla por Desgaste de Herramienta
24.450000000000045,35.150000000000034,33.0,116.75,Sin Falla
24.450000000000045,35.150000000000034,23.0,117.11,Sin Falla
24.450000000000045,35.25,45.0,117.46,Sin Falla
24.450000000000045,35.25,55.0,117.82,Sin Falla
24.450000000000045,35.35000000000002,45.0,118.17,Sin Falla
24.450000000000045,35.25,34.0,118.53,Sin Falla
24.350000000000023,35.25,34.0,118.88,Sin Falla
24.350000000000023,35.25,23.0,119.24,Sin Falla
24.350000000000023,35.150000000000034,42.0,119.59,Sin Falla
24.350000000000023,35.25,54.0,119.95,Sin Falla
24.25,35.150000000000034,55.0,120.3,Sin Falla
24.25,35.150000000000034,54.0,120.65,Sin Falla
24.25,35.150000000000034,34.0,121.01,Sin Falla
24.25,35.05000000000001,33.0,121.36,Sin Falla
24.25,35.05000000000001,23.0,121.72,Sin Falla
24.25,35.05000000000001,24.0,122.07,Sin Falla
24.150000000000034,35.05000000000001,36.0,122.43,Sin Falla
24.150000000000034,35.05000000000001,34.0,122.78,Sin Falla
24.350000000000023,35.150000000000034,35.0,123.14,Sin Falla
24.350000000000023,35.35000000000002,36.0,123.49,Sin Falla
24.350000000000023,35.35000000000002,37.0,123.85,Sin Falla
24.350000000000023,35.450000000000045,38.0,124.2,Sin Falla
24.350000000000023,35.35000000000002,39.0,124.55,Sin Falla
24.450000000000045,35.450000000000045,40.0,124.91,Sin Falla
24.450000000000045,35.55000000000001,42.0,125.26,Sin Falla
24.55000000000001,35.55000000000001,52.0,125.62,Sin Falla
24.450000000000045,35.55000000000001,44.0,125.97,Sin Falla
24.450000000000045,35.55000000000001,52.0,126.33,Sin Falla
24.450000000000045,35.55000000000001,44.0,126.68,Sin Falla
24.450000000000045,35.450000000000045,35.0,127.04,Sin Falla
24.450000000000045,35.35000000000002,36.0,127.39,Sin Falla
24.350000000000023,35.25,33.0,127.75,Sin Falla
24.350000000000023,35.25,23.0,128.1,Sin Falla
24.25,35.150000000000034,45.0,128.45,Sin Falla
24.25,35.150000000000034,55.0,128.81,Sin Falla
24.25,35.150000000000034,45.0,129.16,Sin Falla
24.25,35.150000000000034,34.0,129.52,Sin Falla
24.25,35.25,34.0,129.87,Sin Falla
24.25,35.35000000000002,23.0,130.23,Sin Falla
24.350000000000023,35.35000000000002,42.0,130.58,Sin Falla
24.25,35.450000000000045,54.0,130.94,Sin Falla
24.150000000000034,35.450000000000045,55.0,131.29,Sin Falla
24.150000000000034,35.450000000000045,54.0,131.65,Sin Falla
24.150000000000034,35.35000000000002,34.0,132.0,Sin Falla
24.25,35.450000000000045,33.0,132.35,Sin Falla
24.25,35.35000000000002,23.0,132.71,Sin Falla
24.25,35.450000000000045,24.0,133.06,Sin Falla
24.25,35.450000000000045,36.0,133.42,Sin Falla
24.350000000000023,35.450000000000045,34.0,133.77,Sin Falla
24.350000000000023,35.55000000000001,35.0,134.13,Sin Falla
24.350000000000023,35.450000000000045,36.0,134.48,Sin Falla
24.25,35.25,37.0,134.84,Sin Falla
24.25,35.25,38.0,135.19,Sin Falla
24.350000000000023,35.25,39.0,135.55,Sin Falla
24.25,35.35000000000002,40.0,135.9,Sin Falla
24.25,35.25,34.56129032,136.25,Sin Falla
24.25,35.25,34.27983871,136.61,Sin Falla
24.150000000000034,35.150000000000034,33.9983871,136.96,Sin Falla
24.150000000000034,35.150000000000034,33.71693548,137.32,Sin Falla
24.150000000000034,35.150000000000034,33.43548387,137.67,Sin Falla
24.150000000000034,35.150000000000034,33.15403226,138.03,Sin Falla
24.150000000000034,35.150000000000034,32.87258065,138.38,Sin Falla
24.150000000000034,35.25,32.59112903,138.74,Sin Falla
24.150000000000034,35.25,32.30967742,139.09,Sin Falla
24.25,35.35000000000002,32.02822581,139.45,Sin Falla
24.350000000000023,35.35000000000002,31.74677419,139.8,Sin Falla
24.450000000000045,35.450000000000045,31.46532258,140.15,Sin Falla
24.350000000000023,35.450000000000045,31.18387097,140.51,Sin Falla
24.350000000000023,35.450000000000045,30.90241935,140.86,Sin Falla
24.350000000000023,35.35000000000002,30.62096774,141.22,Sin Falla
24.450000000000045,35.35000000000002,30.33951613,141.57,Sin Falla
24.450000000000045,35.35000000000002,30.05806452,141.93,Sin Falla
24.350000000000023,35.35000000000002,29.7766129,142.28,Sin Falla
24.25,35.150000000000034,29.49516129,142.64,Sin Falla
24.150000000000034,35.150000000000034,29.21370968,142.99,Sin Falla
24.150000000000034,35.150000000000034,28.93225806,143.35,Sin Falla
24.25,35.25,28.65080645,143.7,Sin Falla
24.25,35.150000000000034,28.36935484,144.05,Sin Falla
24.25,35.35000000000002,28.08790323,144.41,Sin Falla
24.350000000000023,35.35000000000002,27.80645161,144.76,Sin Falla
24.25,35.35000000000002,27.525,145.12,Falla por Sobrecarga
24.25,35.35000000000002,27.24354839,145.47,Falla por Sobrecarga
24.25,35.25,26.96209677,145.83,Sin Falla
24.350000000000023,35.450000000000045,26.68064516,146.18,Sin Falla
24.350000000000023,35.450000000000045,26.39919355,146.54,Sin Falla
24.450000000000045,35.55000000000001,26.11774194,146.89,Sin Falla
24.350000000000023,35.450000000000045,25.83629032,147.25,Sin Falla
24.450000000000045,35.55000000000001,25.55483871,147.6,Sin Falla
24.450000000000045,35.55000000000001,25.2733871,147.95,Falla de Energía
24.350000000000023,35.450000000000045,24.99193548,148.31,Sin Falla
24.25,35.450000000000045,24.71048387,148.66,Sin Falla
24.25,35.55000000000001,24.42903226,149.02,Falla por Desgaste de Herramienta
24.25,35.55000000000001,24.14758065,149.37,Falla por Desgaste de Herramienta
24.25,35.55000000000001,42.0,149.73,Falla por Desgaste de Herramienta
24.150000000000034,35.55000000000001,52.0,150.08,Sin Falla
24.25,35.450000000000045,44.0,150.44,Sin Falla
24.150000000000034,35.450000000000045,52.0,150.79,Sin Falla
24.25,35.450000000000045,44.0,151.15,Sin Falla
24.150000000000034,35.450000000000045,35.0,151.5,Sin Falla
24.25,35.55000000000001,36.0,151.85,Sin Falla
24.25,35.55000000000001,33.0,152.21,Sin Falla
24.25,35.55000000000001,23.0,152.56,Sin Falla
24.150000000000034,35.450000000000045,45.0,152.92,Sin Falla
24.150000000000034,35.450000000000045,55.0,153.27,Sin Falla
24.05000000000001,35.35000000000002,45.0,153.63,Sin Falla
24.05000000000001,35.35000000000002,34.0,153.98,Sin Falla
24.150000000000034,35.55000000000001,34.0,154.34,Sin Falla
24.150000000000034,35.650000000000034,23.0,154.69,Sin Falla
24.150000000000034,35.650000000000034,42.0,155.05,Sin Falla
24.150000000000034,35.650000000000034,54.0,155.4,Sin Falla
24.25,35.85000000000002,55.0,155.75,Sin Falla
24.25,35.85000000000002,54.0,156.11,Sin Falla
24.25,35.950000000000045,34.0,156.46,Sin Falla
24.25,35.950000000000045,33.0,156.82,Sin Falla
24.25,35.85000000000002,23.0,157.17,Sin Falla
24.25,35.85000000000002,24.0,157.53,Sin Falla
24.25,35.85000000000002,36.0,157.88,Sin Falla
24.25,35.75,34.0,158.24,Sin Falla
24.25,35.85000000000002,35.0,158.59,Sin Falla
24.150000000000034,35.85000000000002,36.0,158.95,Sin Falla
24.150000000000034,35.85000000000002,37.0,159.3,Sin Falla
24.25,35.85000000000002,38.0,159.65,Sin Falla
24.25,35.85000000000002,39.0,160.01,Sin Falla
24.25,35.85000000000002,40.0,160.36,Sin Falla
24.25,35.950000000000045,42.0,160.72,Sin Falla
24.25,35.950000000000045,52.0,161.07,Sin Falla
24.25,36.05000000000001,44.0,161.43,Sin Falla
24.350000000000023,36.05000000000001,52.0,161.78,Sin Falla
24.25,36.05000000000001,44.0,162.14,Sin Falla
24.25,36.05000000000001,35.0,162.49,Sin Falla
24.350000000000023,36.150000000000034,36.0,162.85,Sin Falla
24.350000000000023,36.150000000000034,33.0,163.2,Sin Falla
24.450000000000045,36.25,23.0,163.55,Sin Falla
24.350000000000023,36.150000000000034,45.0,163.91,Sin Falla
24.350000000000023,36.05000000000001,55.0,164.26,Sin Falla
24.25,35.85000000000002,45.0,164.62,Sin Falla
24.350000000000023,35.950000000000045,34.0,164.97,Sin Falla
24.350000000000023,35.950000000000045,34.0,165.33,Sin Falla
25.612433524444207,35.25403625179433,22.493437457038272,80.59708118436774,Falla de Energía
24.031635132482727,34.46905315948376,39.78264694669951,83.18728628231315,Falla de Energía
24.882047357949773,36.088472966131356,29.497012029312558,83.16195403630137,Falla de Energía
25.44279186920086,34.65543112266368,41.501679182411834,77.74840514928948,Falla de Energía
25.278237916204795,35.833273081545244,48.30106230345049,81.84264125424868,Falla de Energía
24.617465070370127,35.485617051496746,35.33531503674222,70.40152038431988,Falla de Energía
25.330324033411504,34.97244159795124,43.01408330966095,72.13139644070884,Falla de Energía
25.330288427433004,35.197931916766855,49.078790046855765,76.88194092772856,Falla de Energía
25.445579975421424,35.120669680706385,35.153844625921465,81.8489196121994,Falla de Energía
25.102341573221672,35.29749745289222,35.69539581296564,81.98394842692956,Falla de Energía
25.29448995674833,34.76212207921552,32.8146286576982,90.71878034559046,Falla de Energía
24.509362145001127,35.28104295217244,39.44714574292085,75.9235170027926,Falla de Energía
23.906039320108174,35.0569943072813,38.48757204279742,87.6048266264894,Falla de Energía
25.107207964257476,35.393756925703606,26.777608394582472,78.11568793182546,Falla de Energía
25.868583668832024,35.70013161046963,43.03559311406897,81.31785824324314,Falla de Energía
24.96776097043219,35.11849983552607,30.341343608989288,76.48705116868776,Falla de Energía
24.938263837401795,35.3688153514793,41.31652827564235,85.73451972549873,Falla de Energía
25.285525949765745,35.552184521901424,37.93494795179495,87.94486870841581,Falla de Energía
24.267458527444063,35.283473613466015,48.310570282759066,77.39618445783462,Falla de Energía
25.127140537147252,35.56925534241079,15.324545064840255,72.40480015160873,Falla de Energía
25.20089792982242,35.25145185248227,40.635005802982874,87.33401335264597,Falla de Energía
25.121401001422416,35.02729552252541,24.904969533279413,81.24552529641795,Falla de Energía
25.687840563648045,35.44674768787011,21.868482612854827,88.6187990187278,Falla de Energía
24.403211436977756,35.33011943513841,45.38320647803779,85.46298921276784,Falla de Energía
24.98335842176571,35.299744372156795,46.65767712977675,86.15237828788243,Falla de Energía
25.845707064130757,35.27969390025038,26.933718692279665,91.48695442393327,Falla de Energía
24.913795944794618,36.42135972193031,55.83794680451125,71.33965336557866,Falla de Energía
24.678394877611847,35.637072642378136,26.59202951373578,79.80599757050051,Falla de Energía
25.321534546595615,35.36973129101788,24.795462722902,84.07322070231199,Falla de Energía
25.327073493355186,35.0328683993291,35.23565330304467,85.44127568657487,Falla de Energía
25.48099080942778,35.11768582966231,29.336081523825023,73.09462493752667,Falla de Energía
24.596483911154337,34.74989306050838,47.617238305104344,69.11286605969963,Falla de Energía
26.381087626408544,35.56028981259213,28.805519205165893,81.07666215554676,Falla de Energía
24.04368566341052,35.124433853212786,26.88241298184517,77.60052643798855,Falla de Energía
24.510184871640643,35.60573664626396,28.603213738855736,79.9973747680787,Falla de Energía
25.624765576838158,36.19511220704665,32.564658822760244,83.89478967431612,Falla de Energía
25.12475621021406,35.73473348805405,43.589293680552245,77.69727690858709,Falla de Energía
24.662187950485194,35.27510339050635,29.50419562522144,87.71871070656746,Falla de Energía
24.980553177645923,36.22218614542047,40.07864462901092,86.8918861339792,Falla de Energía
24.30832731608156,35.43136716724158,39.044438129794436,81.10683999999999,Sin Falla
23.83325758253002,35.79446697617707,42.16932066687591,82.10683999999999,Sin Falla
24.710812871844595,35.392545873943234,31.75628379398718,83.10683999999999,Sin Falla
24.496497797811884,35.763654854877856,19.93707231641186,84.10683999999999,Sin Falla
25.113251784339738,35.32269898668027,38.36243644017945,85.10683999999999,Sin Falla
25.061810513806627,35.449967502957286,39.39914951873735,86.10683999999999,Sin Falla
24.928653428702237,35.06894326997382,23.890870164693112,87.10683999999999,Sin Falla
25.41253819692307,35.91100463738758,33.04745811210511,88.10683999999999,Sin Falla
23.96300247803115,35.659256609456065,63.17966300730648,89.10683999999999,Sin Falla
26.136506726199443,35.497858838724135,29.385231694290166,90.10683999999999,Falla de Energía
26.476706238558034,36.075853688790616,25.761444093904622,81.10683999999999,Sin Falla
24.66257972110581,36.18405476504841,41.034065808751734,82.10683999999999,Sin Falla
24.41011450081015,35.191423718890675,49.06124265565156,83.10683999999999,Sin Falla
24.58257901982741,35.09762888889322,33.48204473523246,84.10683999999999,Sin Falla
23.870897601767954,35.4182761220803,39.42477326834327,85.10683999999999,Sin Falla
25.192467347162914,35.58958212745637,43.67139336126362,86.10683999999999,Sin Falla
24.21318111689555,36.322748241091645,38.37444748755796,87.10683999999999,Sin Falla
25.796048321573704,35.38938325458428,32.92333254524078,88.10683999999999,Sin Falla
25.298165396594754,35.62058764180526,41.31653909311488,89.10683999999999,Sin Falla
24.85347404911674,35.85951093621905,56.42145826188107,90.10683999999999,Falla de Energía
25.781987636144308,35.429800736701246,38.25156092304412,81.10683999999999,Sin Falla
25.561075212597085,35.46058060463696,24.499073357054428,82.10683999999999,Sin Falla
24.174750904366313,34.723913607544056,32.09614154700017,83.10683999999999,Sin Falla
25.975792166987077,35.74376609664013,51.31015015519186,84.10683999999999,Sin Falla
24.578584511300726,35.335248058880246,23.038076226658838,85.10683999999999,Sin Falla
24.759153802942635,35.91842648628014,45.44561654246378,86.10683999999999,Sin Falla
25.50184690469372,35.667021315507114,47.02608090622812,87.10683999999999,Sin Falla
25.466559366945255,35.35876483829993,39.790326149795376,88.10683999999999,Sin Falla
24.514633319626892,35.742775813364915,41.312768515264025,89.10683999999999,Sin Falla
25.275252356639857,35.21460046833119,31.359891600281223,90.10683999999999,Falla de Energía
24.124833482269153,35.17576780525718,43.71263769528013,81.10683999999999,Sin Falla
24.348286688987447,35.489112092935464,46.22234747995817,82.10683999999999,Sin Falla
24.630777702251194,35.29129204476101,31.2924502231743,83.10683999999999,Sin Falla
24.5796920067414,35.52874931159664,47.61574305857121,84.10683999999999,Sin Falla
24.59622208792269,35.178736409272226,30.542831869248538,85.10683999999999,Sin Falla
24.520616141166638,35.46539527657997,41.6555941611533,86.10683999999999,Sin Falla
24.825499627273647,35.92739509842528,46.21690654354079,87.10683999999999,Sin Falla
25.476620517462223,35.589820746988075,41.29099248844502,88.10683999999999,Sin Falla
24.22554003411801,35.08637201399181,58.15111260779172,89.10683999999999,Sin Falla
25.859217171754022,34.96144502819969,48.31516346897116,90.10683999999999,Falla de Energía
24.417177925317713,35.47848777171851,52.622207142700994,81.10683999999999,Sin Falla
24.996575304564598,35.25797240004404,44.46540496762562,82.10683999999999,Sin Falla
24.449864805789716,34.89448583531332,46.254830414880814,83.10683999999999,Sin Falla
24.4955078702642,35.86371317438999,32.43266758641663,84.10683999999999,Sin Falla
24.521816672322647,34.80574589349517,46.78924305749517,85.10683999999999,Sin Falla
25.42558030808519,35.111579116641714,33.225788362700776,86.10683999999999,Sin Falla
24.954958414241144,35.411574239075065,54.03442520716737,87.10683999999999,Sin Falla
24.880095812982216,35.62949564584815,49.606707654021335,88.10683999999999,Sin Falla
25.49100291598298,35.2617874836413,22.97429282285753,89.10683999999999,Sin Falla
26.541347681864185,35.753826363705606,45.45084439112891,90.10683999999999,Falla de Energía
24.267477839779968,35.07954119550261,26.674782713414288,81.10683999999999,Sin Falla
24.180133512713855,35.144848861680245,27.851998009455922,82.10683999999999,Sin Falla
25.24055211523469,35.706065797347215,30.50643389436484,83.10683999999999,Sin Falla
24.67544500468166,35.40629266900712,37.825138352595125,84.10683999999999,Sin Falla
24.635647150872376,35.529146572413346,45.29080880928744,85.10683999999999,Sin Falla
25.282586939440986,35.610972909574876,45.86185925065521,86.10683999999999,Sin Falla
25.376146546578116,35.37343605658418,30.112326907520107,87.10683999999999,Sin Falla
25.73017372822395,36.0108835977053,33.95482180988347,88.10683999999999,Sin Falla
25.225089457064197,35.61233807485688,44.41629046888062,89.10683999999999,Sin Falla
24.676406756850614,35.532837647063936,48.168952666233935,90.10683999999999,Falla de Energía
24.486658364221714,35.179917850655414,41.45990054916939,81.10683999999999,Sin Falla
24.868716934642435,36.19956549991783,39.674196756736386,82.10683999999999,Sin Falla
25.17795822860018,34.9505426225007,33.12242305032701,83.10683999999999,Sin Falla
24.72901051726682,35.66694405101092,12.654910273103336,84.10683999999999,Sin Falla
25.05485388603305,35.29039438253639,38.21717167830513,85.10683999999999,Sin Falla
24.647225722871863,35.51431706368127,31.765382049405837,86.10683999999999,Sin Falla
25.269962367663727,35.13453713218367,36.75895264093051,87.10683999999999,Sin Falla
25.175213589152268,35.11936835890527,53.68571602596016,88.10683999999999,Sin Falla
25.855594492967846,35.45327264648398,25.612832794670087,89.10683999999999,Sin Falla
25.221676265577134,35.31745876979517,39.839535894499406,90.10683999999999,Falla de Energía
24.985724016094935,35.712990753687976,26.522567844055725,81.10683999999999,Sin Falla
25.113358126857452,35.133514878082536,43.17456972515213,82.10683999999999,Sin Falla
24.331468548365937,35.38264283123972,29.243688948565513,83.10683999999999,Sin Falla
25.535046800905846,35.36127026595324,25.03958785975746,84.10683999999999,Sin Falla
25.095134768795102,35.88782080609882,35.00556135928091,85.10683999999999,Sin Falla
24.781199295360764,35.55607798693746,43.95638295960062,86.10683999999999,Sin Falla
24.802499891727283,35.562585744499266,25.954708220107193,87.10683999999999,Sin Falla
24.56790788762564,35.24308983855827,50.85877958925436,88.10683999999999,Sin Falla
24.818042782794123,35.809725855362935,42.049487231028785,89.10683999999999,Sin Falla
25.073670021864444,35.40085813028289,54.735296353929634,90.10683999999999,Falla de Energía
24.10521606114251,35.018856589036886,40.75480267390452,81.10683999999999,Sin Falla
25.097429183171034,35.08595798441426,29.19343464172462,82.10683999999999,Sin Falla
25.166188339291867,34.94737104526262,20.878081983250663,83.10683999999999,Sin Falla
24.359712009007065,35.610064617956034,40.55132473289939,84.10683999999999,Sin Falla
24.91464171941386,35.75652790555252,43.48388001650775,85.10683999999999,Sin Falla
24.48470767620511,35.9578441370867,37.93308496262426,86.10683999999999,Sin Falla
25.030670300846246,34.94819593630985,22.697763664511445,87.10683999999999,Sin Falla
25.404288909490425,35.28183914040769,48.423808974464876,88.10683999999999,Sin Falla
24.693485889320357,35.22438966790113,31.943077716852844,89.10683999999999,Sin Falla
25.018811388490228,35.553237735269754,26.775135587212894,90.10683999999999,Falla de Energía
25.12011059420242,35.30771624580205,50.42540590265139,81.10683999999999,Sin Falla
25.105143735309706,35.57179413806009,38.32630531982565,82.10683999999999,Sin Falla
24.819479780928418,35.72955879707701,36.56547153400426,83.10683999999999,Sin Falla
24.54999937053214,35.7792738140723,38.35509428538609,84.10683999999999,Sin Falla
25.047178494523,35.513572744761184,39.736457053121406,85.10683999999999,Sin Falla
25.103985361674056,35.59872178475296,39.536700158266896,86.10683999999999,Sin Falla
24.564418522682203,35.38788312255409,51.461910383782794,87.10683999999999,Sin Falla
25.70360339000878,36.119866675541196,36.73820099859549,88.10683999999999,Sin Falla
24.566339240602517,35.725092299011074,36.59979447290314,89.10683999999999,Sin Falla
25.253963704475627,35.29686361729173,24.419173133164477,90.10683999999999,Falla de Energía
25.230146760837865,34.89269838076455,49.1898460942209,81.10683999999999,Sin Falla
24.723778949520344,35.43384377999862,30.766042479860687,82.10683999999999,Sin Falla
25.003284579056356,35.76089328713366,36.23412732295836,83.10683999999999,Sin Falla
25.273903233304097,35.177289290934965,44.99799516669812,84.10683999999999,Sin Falla
25.65107891529231,36.18142321332736,47.62886252946568,85.10683999999999,Sin Falla
25.623871672672127,35.2353931655893,42.79600556093364,86.10683999999999,Sin Falla
24.616315356895683,34.820725462156986,43.72218122494148,87.10683999999999,Sin Falla
24.86135722326416,35.8219486844458,30.42531262291682,88.10683999999999,Sin Falla
24.50810170496467,35.67806045607089,44.81998974147055,89.10683999999999,Sin Falla
25.716097570622402,35.983114223990974,34.86313287363144,90.10683999999999,Falla de Energía
24.91830926208673,34.2521810608373,58.78238726647568,81.10683999999999,Sin Falla
24.70794356590221,35.439496582617075,29.52654135771915,82.10683999999999,Sin Falla
24.95678715802328,35.48075070628083,39.48145013188176,83.10683999999999,Sin Falla
24.876865271055035,35.35577007916431,44.579253476867876,84.10683999999999,Sin Falla
25.03341387584478,35.38628054731565,39.020431596192374,85.10683999999999,Sin Falla
25.35420572460673,35.4073640610855,22.296485061962514,86.10683999999999,Sin Falla
25.566589228518566,35.02684691858712,41.97768811642346,87.10683999999999,Sin Falla
25.475190106376914,35.80646592504171,35.59856598447351,88.10683999999999,Sin Falla
24.222130776242587,35.29056078752454,34.9664936898883,89.10683999999999,Sin Falla
25.838526163955933,35.24630667977768,33.84515994989149,90.10683999999999,Falla de Energía
25.346089846811406,35.48169775660804,37.574456105599204,81.10683999999999,Sin Falla
24.97685759242179,35.353940521711785,42.48712728016167,82.10683999999999,Sin Falla
25.18597466746844,35.26076129918846,31.966417652676586,83.10683999999999,Sin Falla
24.360925396835054,34.97038961866602,26.95526608969009,84.10683999999999,Sin Falla
24.605174738282376,35.3526428547651,47.94711960357593,85.10683999999999,Sin Falla
24.697872920239934,35.579681583657475,37.92157572384922,86.10683999999999,Sin Falla
25.00100800961297,35.96099161186501,39.9003662184068,87.10683999999999,Sin Falla
25.21456983177069,35.14491035811464,55.698843772897256,88.10683999999999,Sin Falla
25.366899897663615,35.89958712825459,46.75222368572751,89.10683999999999,Sin Falla
24.707570057122247,35.99088205227526,42.63039067176731,90.10683999999999,Falla de Energía
24.342493974716234,35.17879703804815,29.626005234381914,81.10683999999999,Sin Falla
24.49313489483577,34.87187536096616,41.151009830611486,82.10683999999999,Sin Falla
25.369079049314465,35.817648184007055,34.11784649159727,83.10683999999999,Sin Falla
25.545122586269073,35.29552820835346,37.42253297285712,84.10683999999999,Sin Falla
23.95074267732409,35.450629691494136,26.234114638530762,85.10683999999999,Sin Falla
25.138539190922828,34.88766503425847,48.25832905610286,86.10683999999999,Sin Falla
25.003949859793867,36.021318238034816,40.02285432493451,87.10683999999999,Sin Falla
25.109198621207753,35.135877654461964,36.07484784847072,88.10683999999999,Sin Falla
24.846176413857478,35.37574100483269,23.851065200897825,89.10683999999999,Sin Falla
25.277199714878737,34.60937874648222,15.324483200412985,90.10683999999999,Falla de Energía
24.489146842569344,35.66293656950213,34.84835481980493,81.10683999999999,Sin Falla
25.049280194656863,35.38040193018282,49.7641738387274,82.10683999999999,Sin Falla
25.331657298560167,34.94326155801353,39.68276062578331,83.10683999999999,Sin Falla
25.58247879480441,35.72373858047643,32.91718244117652,84.10683999999999,Sin Falla
24.82984192109997,35.382942416177876,46.16603439330899,85.10683999999999,Sin Falla
24.852193510835196,35.64824907242504,31.318181920226316,86.10683999999999,Sin Falla
24.631019110492044,35.75612120018549,42.69295762319502,87.10683999999999,Sin Falla
25.016072601686865,34.99215025307805,18.788609018121694,88.10683999999999,Sin Falla
25.159177343113388,35.60493360992033,49.46636327194839,89.10683999999999,Sin Falla
25.797810991353074,35.08449882342393,32.80147421978654,90.10683999999999,Falla de Energía
24.94957255225973,34.65903242037785,28.45843308380789,81.10683999999999,Sin Falla
23.771102230600643,35.80877569034918,27.33424354576147,82.10683999999999,Sin Falla
25.33167782434952,35.121436042271185,39.027359171779366,83.10683999999999,Sin Falla
24.885078815288093,35.36975253373709,26.54907638440328,84.10683999999999,Sin Falla
26.01117029140519,35.2288929516645,29.90080006457186,85.10683999999999,Sin Falla
25.6489165389776,35.75768587434171,34.76230701868429,86.10683999999999,Sin Falla
25.00038257708295,34.94039713122142,32.35425345035156,87.10683999999999,Sin Falla
25.025704472539736,35.72685160901389,47.70469823372189,88.10683999999999,Sin Falla
24.390387803651592,35.8427852507502,24.732720984291962,89.10683999999999,Sin Falla
24.861424067569665,35.34897091610594,34.700114128122735,90.10683999999999,Falla de Energía
25.016252247024706,34.52642084690763,43.95077796866302,81.10683999999999,Sin Falla
25.596857787221726,35.6805877552891,26.396821827150134,82.10683999999999,Sin Falla
25.59163864936269,35.96937688842123,26.41718121296484,83.10683999999999,Sin Falla
25.166730218491328,35.15709999062515,42.66222846888801,84.10683999999999,Sin Falla
24.628491977878465,35.872279426474854,23.066383184961175,85.10683999999999,Sin Falla
25.477953107376816,35.19687276800013,49.35187583737239,86.10683999999999,Sin Falla
24.28752420437538,35.356903873216,40.10135146060713,87.10683999999999,Sin Falla
24.894485306713374,35.582798654997994,40.167567382456994,88.10683999999999,Sin Falla
24.884780159218177,35.55913587316951,45.67960095464897,89.10683999999999,Sin Falla
25.11990832452238,35.38967410593501,45.45931153308992,90.10683999999999,Falla de Energía
24.191293221308374,35.3115269703287,36.85302501617783,81.10683999999999,Sin Falla
24.793461248966224,35.843436726051685,47.083774515477415,82.10683999999999,Sin Falla
24.981195133159428,35.2730842450131,42.33057163110298,83.10683999999999,Sin Falla
25.78798619045133,35.45138125412307,39.79636414072128,84.10683999999999,Sin Falla
24.989531398516608,35.60155751229837,35.04617018915338,85.10683999999999,Sin Falla
23.915308763844155,36.02450057229204,30.52052419634186,86.10683999999999,Sin Falla
24.84640583434446,35.04175096145828,46.75235705153081,87.10683999999999,Sin Falla
25.178135231672037,35.620014644714985,30.952052547812695,88.10683999999999,Sin Falla
24.615436009936115,35.396831595363054,34.53257756185855,89.10683999999999,Sin Falla
24.382402293915284,34.9885463151845,31.57812826127859,90.10683999999999,Falla de Energía
24.730751283179153,35.73043398367088,37.50973477222579,81.10683999999999,Sin Falla
24.786346672219885,35.34781911311222,25.131252085214495,82.10683999999999,Sin Falla
24.478734154776443,35.43501271849695,40.9862400021673,83.10683999999999,Sin Falla
24.9830254324527,34.92280348724177,29.6317833572531,84.10683999999999,Sin Falla
25.21991377346368,36.0553870891899,29.431091987540338,85.10683999999999,Sin Falla
24.101355769916488,35.49363953669888,25.600135525707348,86.10683999999999,Sin Falla
24.779419475318008,35.842116548930385,39.80445773212108,87.10683999999999,Sin Falla
24.56353661534278,35.58831019210236,32.234200522488244,88.10683999999999,Sin Falla
24.852812679960923,35.63627033482718,32.143357428177104,89.10683999999999,Sin Falla
25.10626997284513,35.03180907683201,40.552894023576116,90.10683999999999,Falla de Energía
24.924376335460224,35.212442179112585,34.89743239840258,90.04020288563173,Falla por Desgaste de Herramienta
24.72420309298357,34.81392044159773,57.07306954602214,83.96342964922013,Falla por Desgaste de Herramienta
24.77547835999449,35.29874454760178,31.48475089062976,89.80766670024519,Falla por Desgaste de Herramienta
24.423988900643458,35.30672396615836,52.59988920912131,91.86405205198076,Falla por Desgaste de Herramienta
26.343623642148945,35.378512438448354,65.60000159966222,86.48517401711437,Falla por Desgaste de Herramienta
25.995939793057858,35.78203865659726,57.846558044271674,80.9399819179413,Falla por Desgaste de Herramienta
25.02056668140505,35.17951272568381,40.09842314945024,78.14072240425735,Falla por Desgaste de Herramienta
24.83060405908791,35.376030883404184,30.223002533669607,91.21057535647368,Falla por Desgaste de Herramienta
25.54124432617594,35.6952262727504,26.7329700926511,83.27617875325178,Falla por Desgaste de Herramienta
24.276412422230482,35.528644461124394,52.76426747579882,77.26219405402693,Falla por Desgaste de Herramienta
25.08520087492345,35.76759809656157,39.394516037090895,83.69246190416462,Falla por Desgaste de Herramienta
24.154562101794202,34.89306624658558,34.63590181640324,85.46637976950107,Falla por Desgaste de Herramienta
25.50710180944159,35.1175546403034,25.04733207348354,94.53564445938396,Falla por Desgaste de Herramienta
25.31672386422798,35.45420818836515,16.915724401707223,88.76304086955778,Falla por Desgaste de Herramienta
25.859562838455357,34.94278573737474,46.25741268232387,97.52002462063297,Falla por Desgaste de Herramienta
25.51488992670314,34.54419609201605,51.15607931887993,92.15425130782593,Falla por Desgaste de Herramienta
25.211185878649832,35.23495832706364,42.765532517182486,83.15550982297246,Falla por Desgaste de Herramienta
24.86178415858769,35.134854133446005,18.53814606803974,85.90313506882705,Falla por Desgaste de Herramienta
25.053983098900115,36.06798807641087,49.35572388511707,87.86296069006907,Falla por Desgaste de Herramienta
25.408607334380235,34.80314324831043,42.95373846726328,75.31202956483104,Falla por Desgaste de Herramienta
24.947941643481073,35.883139503677825,69.66122969291571,76.03393377747228,Falla por Desgaste de Herramienta
25.410451690880244,35.59225764598961,36.53573291947906,77.23380709954046,Falla por Desgaste de Herramienta
24.915760292062355,34.671662787643946,39.06955624079938,98.98356237264522,Falla por Desgaste de Herramienta
24.26689652377498,34.895375457604615,45.494523951806045,89.72168780908993,Falla por Desgaste de Herramienta
24.602937046952455,35.296622104784234,46.970490890487824,85.31066782980479,Falla por Desgaste de Herramienta
24.986780212454924,35.9529747771564,30.8768385675346,81.43343149680004,Falla por Desgaste de Herramienta
24.47933656412342,35.95742095248848,39.42108744141325,85.89425092327747,Falla por Desgaste de Herramienta
26.071608443753593,35.43305387601609,15.884049472400406,82.43871641632155,Falla por Desgaste de Herramienta
24.505804055058817,34.88916896928124,36.49754539758062,75.2827297091737,Falla por Desgaste de Herramienta
24.586611408215774,35.080852901002054,35.26043401888194,77.2360267403714,Falla por Desgaste de Herramienta
25.058410963597325,35.847571580340016,49.0075556299596,84.53221434571655,Falla por Desgaste de Herramienta
24.93222943693731,35.34411238214146,32.11364810553162,94.12382107053617,Falla por Desgaste de Herramienta
25.59141179970942,35.76884004522851,54.39123570333746,83.3985941666819,Falla por Desgaste de Herramienta
25.523944893064947,34.54541028069864,38.65530315736197,84.08420210870945,Falla por Desgaste de Herramienta
25.568784748012952,35.762651839813984,42.42974789389712,86.15341917782094,Falla por Desgaste de Herramienta
24.742035779862423,35.33119769886,34.19681107590477,87.10078926683308,Falla por Desgaste de Herramienta
24.893299855115778,35.417651046593576,36.447146632488625,86.52966042669524,Falla por Desgaste de Herramienta
24.43939675172872,35.66308860470239,24.881612525996246,94.90164372840742,Falla por Desgaste de Herramienta
24.764499766553506,34.642622276947904,41.4387186976984,82.67339518690599,Falla por Desgaste de Herramienta
23.82738522975411,35.13803713896321,38.559337780726466,81.10683999999999,Sin Falla
25.168187658289238,35.196222666004715,39.63898203523684,82.10683999999999,Sin Falla
24.377668931480372,35.81927355221307,42.70225097399394,83.10683999999999,Sin Falla
24.575155328154334,35.83062671388055,37.912339709254454,84.10683999999999,Sin Falla
25.671084311449274,35.49267936103394,40.35643171252694,85.10683999999999,Sin Falla
24.829756803199505,35.076498580817294,36.969918488938355,86.10683999999999,Sin Falla
25.07543161781025,36.2331438895418,33.510626946582484,87.10683999999999,Sin Falla
25.449508064107643,35.34651591591699,33.52862994689204,88.10683999999999,Sin Falla
25.920038825767637,34.93570901768037,46.6703053035243,89.10683999999999,Sin Falla
25.48209708872634,35.399769450300106,42.60028367379727,90.10683999999999,Falla por Desgaste de Herramienta
24.824978157359038,35.41244618113058,38.94809254200105,81.10683999999999,Sin Falla
25.505079138461138,35.24184194758894,37.879175630898466,82.10683999999999,Sin Falla
25.695142187411104,35.52172023871272,47.30616333880312,83.10683999999999,Sin Falla
24.716367401599097,36.038908491385996,44.07821828929579,84.10683999999999,Sin Falla
24.883994461188557,35.241821066465555,63.19351682723803,85.10683999999999,Sin Falla
25.0830398692231,35.55347425968967,24.83218800720669,86.10683999999999,Sin Falla
25.371994318132312,36.0003758286312,37.880481523711445,87.10683999999999,Sin Falla
25.336347778440334,35.18462800528319,39.32853059302104,88.10683999999999,Sin Falla
24.81287964601284,35.589152291250855,45.369596759125315,89.10683999999999,Sin Falla
24.685148171143553,36.01121020578351,33.06064109662894,90.10683999999999,Falla por Desgaste de Herramienta
25.806748640189504,35.47943135527569,32.2119260610953,81.10683999999999,Sin Falla
24.787144390495484,35.06077188832402,28.050917620483872,82.10683999999999,Sin Falla
24.297047111041557,34.67511349513447,39.23679249278834,83.10683999999999,Sin Falla
25.569137218950623,35.18510474600443,47.62279662604701,84.10683999999999,Sin Falla
25.195154139306695,35.65902287321765,46.58153565452056,85.10683999999999,Sin Falla
24.48585233087664,35.71117032728254,41.070568908573264,86.10683999999999,Sin Falla
26.00965960348784,35.75329337178749,36.61240799580813,87.10683999999999,Sin Falla
25.668206787339905,35.55991115061156,23.39662118954255,88.10683999999999,Sin Falla
24.45595950356293,35.32396928796287,28.67567952423876,89.10683999999999,Sin Falla
24.9306010724974,35.437677043584806,31.187021973409756,90.10683999999999,Falla por Desgaste de Herramienta
25.310766457975014,35.65701550600896,46.071789915905676,81.10683999999999,Sin Falla
25.232435875867292,35.24902329561728,21.510714513943423,82.10683999999999,Sin Falla
24.838505489224694,35.184513591895175,40.50173114366199,83.10683999999999,Sin Falla
25.29214566057482,35.50006616592492,42.22493974574733,84.10683999999999,Sin Falla
25.363046634830123,35.69196234892626,32.15714126204508,85.10683999999999,Sin Falla
25.1083975034229,35.69176109552263,49.03401807403806,86.10683999999999,Sin Falla
24.969143505414877,35.25207932232572,24.57658466608618,87.10683999999999,Sin Falla
25.53860421533334,35.08667684361837,48.585996779819475,88.10683999999999,Sin Falla
25.420887059119178,35.73781646553868,37.39863937070153,89.10683999999999,Sin Falla
25.81592197344043,35.32281294818017,39.652687150194545,90.10683999999999,Falla por Desgaste de Herramienta
25.107149388324554,35.218468739065,49.31266868907085,81.10683999999999,Sin Falla
25.23173498674689,35.32869131544135,30.986857039909975,82.10683999999999,Sin Falla
25.40587223531911,35.168798211257354,38.28515929528465,83.10683999999999,Sin Falla
24.475010232459084,34.85213749900722,35.14871791083471,84.10683999999999,Sin Falla
25.31442369510019,34.772692702586426,50.598786810638835,85.10683999999999,Sin Falla
24.976210687917302,35.51222345175208,31.90225818141152,86.10683999999999,Sin Falla
25.665405506379837,35.44591235018328,56.25649743432061,87.10683999999999,Sin Falla
24.795938857258065,35.01071211059422,46.57386430325595,88.10683999999999,Sin Falla
25.83942952058371,35.82359738317763,38.5513368724575,89.10683999999999,Sin Falla
25.31696125734764,34.98269693207097,28.95951353527716,90.10683999999999,Falla por Desgaste de Herramienta
25.271591276139034,35.145983661444944,59.79986501908643,81.10683999999999,Sin Falla
25.049623062629617,35.22263325255098,24.03202129140634,82.10683999999999,Sin Falla
24.822501642280848,35.321753367723154,33.340008769958274,83.10683999999999,Sin Falla
25.12630089351318,35.478655907701494,46.789884114790304,84.10683999999999,Sin Falla
25.3860653434317,35.66914548585502,49.29344906110428,85.10683999999999,Sin Falla
26.13896202106065,36.12890605849706,33.958028532262624,86.10683999999999,Sin Falla
25.485595541093755,35.369394104951944,27.396468707105626,87.10683999999999,Sin Falla
25.718814479551696,35.156471500633494,28.248967065969474,88.10683999999999,Sin Falla
25.11717571928835,35.79906759468205,30.20878548479837,89.10683999999999,Sin Falla
24.97519237898321,36.03085035013611,33.435360045836944,90.10683999999999,Falla por Desgaste de Herramienta
26.41978644475096,35.6587994782746,28.36969507765587,81.10683999999999,Sin Falla
23.861639938475186,34.7774141120739,22.395448352414896,82.10683999999999,Sin Falla
26.224774280908886,35.71507977671564,40.3200731066661,83.10683999999999,Sin Falla
24.397634687458613,35.656233939997904,43.018117938308265,84.10683999999999,Sin Falla
25.084657611944774,35.59872459987651,45.29813894040845,85.10683999999999,Sin Falla
25.743105946938094,35.31493416613401,36.030682245071766,86.10683999999999,Sin Falla
24.62815083546301,35.362599453600936,46.48061346195686,87.10683999999999,Sin Falla
24.966844959732647,36.17518384136548,54.40665319654967,88.10683999999999,Sin Falla
25.282393052164885,35.251548884666036,15.801805693931499,89.10683999999999,Sin Falla
24.98368979491586,35.04850270508513,48.88772181817069,90.10683999999999,Falla por Desgaste de Herramienta
25.155013985888043,34.887737769864145,43.71601880749133,81.10683999999999,Sin Falla
24.620520090082973,35.07051980733108,40.69944404191179,82.10683999999999,Sin Falla
25.195985380524874,35.04794299940263,41.41216186528284,83.10683999999999,Sin Falla
24.512349902165894,35.42856314326321,43.97494324979543,84.10683999999999,Sin Falla
24.64193019415803,34.67571692546944,42.00075619097224,85.10683999999999,Sin Falla
25.274110775872714,35.78893438579647,19.5816285771499,86.10683999999999,Sin Falla
24.96308950481381,35.31028927526043,33.004083521112854,87.10683999999999,Sin Falla
24.54479761818986,35.28777179710892,41.44919483894467,88.10683999999999,Sin Falla
25.02954573286141,35.178964884535,41.93922475049582,89.10683999999999,Sin Falla
24.589367516990112,35.431177847479454,20.251357453241283,90.10683999999999,Falla por Desgaste de Herramienta
25.282348942381976,34.90205773061665,43.600451715851136,81.10683999999999,Sin Falla
23.943935269196384,35.24266794470187,52.08358630579752,82.10683999999999,Sin Falla
25.29256859942087,34.830557385670225,48.38078053472891,83.10683999999999,Sin Falla
24.288697653559407,35.38040829582027,32.154089448381356,84.10683999999999,Sin Falla
25.057787193069824,35.39558642352773,42.04952175638687,85.10683999999999,Sin Falla
24.715667733267008,35.62711452984073,24.806628135650648,86.10683999999999,Sin Falla
24.50431535463352,35.21169335000334,48.41635121502981,87.10683999999999,Sin Falla
24.389253728502958,35.02276707718507,47.379441489775004,88.10683999999999,Sin Falla
24.472386878119554,35.42476219503174,53.356545883446074,89.10683999999999,Sin Falla
24.455860054479817,35.52617420003888,35.449863567134585,90.10683999999999,Falla por Desgaste de Herramienta
25.602046073727912,35.54546080991979,45.30204281569654,81.10683999999999,Sin Falla
25.80105752965731,35.47567729141373,42.17482737684848,82.10683999999999,Sin Falla
23.815596818479147,35.188983944074245,33.21063066813347,83.10683999999999,Sin Falla
25.37378719971654,35.16488208284466,44.794331711093605,84.10683999999999,Sin Falla
25.709216039600665,35.7750407639318,33.69190579567866,85.10683999999999,Sin Falla
24.789369798799672,35.14053320788657,46.866365567561985,86.10683999999999,Sin Falla
24.8567321033825,35.44544494353372,21.108444144944706,87.10683999999999,Sin Falla
25.58747918121113,34.820816478284975,54.683347977616364,88.10683999999999,Sin Falla
23.793776467674938,35.72118530781007,45.23566074864732,89.10683999999999,Sin Falla
25.244524489528843,35.47525432192455,34.6121691010653,90.10683999999999,Falla por Desgaste de Herramienta
24.607476070453497,35.39261000633901,47.739584606896265,81.10683999999999,Sin Falla
25.217906702209337,35.74258445493032,43.78448515206677,82.10683999999999,Sin Falla
24.799422571281877,35.718285391677824,41.43683995332607,83.10683999999999,Sin Falla
25.438854378849587,36.15589724046693,51.145868215168754,84.10683999999999,Sin Falla
24.569511038420252,35.94230172315872,26.901545904270336,85.10683999999999,Sin Falla
25.605456449376366,35.03746601149221,37.21067251539691,86.10683999999999,Sin Falla
24.6527230748403,35.43580147930139,29.396116611453905,87.10683999999999,Sin Falla
25.33015233993912,34.785865954519416,37.77460991154159,88.10683999999999,Sin Falla
25.148524151256048,35.19745802635708,30.29962504045311,89.10683999999999,Sin Falla
24.853310197245058,35.67984586468483,32.151791290134604,90.10683999999999,Falla por Desgaste de Herramienta
24.608153520666963,35.68005097953602,50.76669521234274,81.10683999999999,Sin Falla
24.175751276192546,35.627488022409175,51.75886466992158,82.10683999999999,Sin Falla
25.44533967422738,35.674692705113344,31.281344327517047,83.10683999999999,Sin Falla
25.078947489418958,35.44580625076994,39.52002675259027,84.10683999999999,Sin Falla
24.73135056015817,34.714196956807356,42.935851949247606,85.10683999999999,Sin Falla
23.628489631307747,35.382506365888474,41.07226467660509,86.10683999999999,Sin Falla
25.002189305775126,34.82367798011268,49.2825658877679,87.10683999999999,Sin Falla
25.385713719695246,35.98327476011381,37.10121936533806,88.10683999999999,Sin Falla
24.798360675186405,35.405901735440224,31.511613293771173,89.10683999999999,Sin Falla
25.04044173393865,35.24350535120615,39.51487722042288,90.10683999999999,Falla por Desgaste de Herramienta
25.00959650496966,35.60423491502498,19.082125629020723,81.10683999999999,Sin Falla
25.37545708749725,35.42884816057459,25.45239409194312,82.10683999999999,Sin Falla
24.909648387672917,36.019880594749466,45.33941592882306,83.10683999999999,Sin Falla
24.492587717951146,35.38168089705544,53.39745999506511,84.10683999999999,Sin Falla
24.602055627637647,35.317203288908594,31.85832873275851,85.10683999999999,Sin Falla
25.837656389436777,35.08213590390922,47.66408783024548,86.10683999999999,Sin Falla
25.22555203068547,36.11442634877615,40.71668638345543,87.10683999999999,Sin Falla
24.57039739107571,35.23618206584144,26.137102294446436,88.10683999999999,Sin Falla
25.28270047172545,34.34056559788939,43.04284000787784,89.10683999999999,Sin Falla
25.567040409041887,34.80722723777454,36.21935048009169,90.10683999999999,Falla por Desgaste de Herramienta
24.104548549471975,36.1820317793892,21.810526950177717,81.10683999999999,Sin Falla
25.36651032134385,35.437063905279004,55.44799471282824,82.10683999999999,Sin Falla
24.74485274004918,35.581847446269805,46.113070555107974,83.10683999999999,Sin Falla
24.79312784598059,35.53326226527363,63.942597470134295,84.10683999999999,Sin Falla
24.929436243572237,36.37249869365607,38.46893184845897,85.10683999999999,Sin Falla
24.685156411420433,35.320957316421115,34.82869758911134,86.10683999999999,Sin Falla
24.977992847990578,35.896558129655396,28.919000354849786,87.10683999999999,Sin Falla
24.67767668204648,35.339776461885585,40.54458082790313,88.10683999999999,Sin Falla
24.167309179773902,35.579742841399195,33.38583551473926,89.10683999999999,Sin Falla
24.57028335106323,35.39316676806707,47.65615263087496,90.10683999999999,Falla por Desgaste de Herramienta
24.54811254192865,35.06195077066559,22.700278753280152,81.10683999999999,Sin Falla
25.182253564370452,34.224049294438515,45.66480647684672,82.10683999999999,Sin Falla
24.774152338125162,35.458498837253615,35.95462204773076,83.10683999999999,Sin Falla
23.99703904609565,35.005091307226884,36.51588593790485,84.10683999999999,Sin Falla
23.91592882206133,35.88007989163313,36.54149510853873,85.10683999999999,Sin Falla
25.399029179658307,35.61979566398788,41.80630200099866,86.10683999999999,Sin Falla
24.99735236452564,35.31311358553849,45.94440661114064,87.10683999999999,Sin Falla
25.80605419495596,35.14438498742433,40.02728022936341,88.10683999999999,Sin Falla
24.852560267167235,35.51541464575521,51.68513359415249,89.10683999999999,Sin Falla
25.09326862052801,35.43405563019259,42.29896469984536,90.10683999999999,Falla por Desgaste de Herramienta
23.656305005026447,35.81044898222597,35.11162633629751,81.10683999999999,Sin Falla
24.709278189476457,35.92079010030427,42.36495290315287,82.10683999999999,Sin Falla
25.86066825965115,35.116003554579436,37.99215272335929,83.10683999999999,Sin Falla
25.587620913597565,35.36897535310237,33.86102417633976,84.10683999999999,Sin Falla
25.63332765729547,34.923187783051,47.92573740636362,85.10683999999999,Sin Falla
26.172568357199896,35.78127623640642,44.88444992948763,86.10683999999999,Sin Falla
25.159692862658922,35.52747864468284,27.108453237468474,87.10683999999999,Sin Falla
25.33871901720364,35.48723113006249,34.756616943406435,88.10683999999999,Sin Falla
25.14616529055991,35.6529905880395,33.641012336556855,89.10683999999999,Sin Falla
24.58505605434073,34.9379938406825,49.75478765719254,90.10683999999999,Falla por Desgaste de Herramienta
24.53124430701962,35.33027757116869,39.8726941247204,81.10683999999999,Sin Falla
24.749798011123506,35.31795770800862,41.17219079509869,82.10683999999999,Sin Falla
25.672903711931124,35.253250146708716,32.078267303328516,83.10683999999999,Sin Falla
24.989497299379895,34.411526184741305,41.85697509106572,84.10683999999999,Sin Falla
24.75486942216737,35.60188489672101,40.64585346243043,85.10683999999999,Sin Falla
24.85384616739371,36.05186597913281,38.71369837422154,86.10683999999999,Sin Falla
25.630227914209247,35.24823689422405,40.97911385257604,87.10683999999999,Sin Falla
24.817956068080615,35.12002752399382,32.96430834904306,88.10683999999999,Sin Falla
24.799407236452673,34.77238919841161,40.180833949151506,89.10683999999999,Sin Falla
24.33573885091794,35.72113631390433,38.03712643548117,90.10683999999999,Falla por Desgaste de Herramienta
26.100318830919747,34.92099772890902,26.081647639829924,81.10683999999999,Sin Falla
24.371864817370348,34.99512065222184,43.992711597530835,82.10683999999999,Sin Falla
23.564254028409405,35.32033363751385,37.31590300152616,83.10683999999999,Sin Falla
25.72632575213153,35.7723710237918,31.234650297352253,84.10683999999999,Sin Falla
24.589541142390612,35.3778850616009,37.1728364742029,85.10683999999999,Sin Falla
24.03337586482281,35.689457241517225,42.245267255284894,86.10683999999999,Sin Falla
25.064911097283577,35.296758193723946,46.143857591349295,87.10683999999999,Sin Falla
25.587504685311252,35.50042621662058,38.080902891166616,88.10683999999999,Sin Falla
25.329790811095403,35.78060049520594,31.38768931016434,89.10683999999999,Sin Falla
25.477909939102666,35.4823320106174,47.153303606264224,90.10683999999999,Falla por Desgaste de Herramienta
25.09065580736371,35.19409593191983,16.56167663211686,81.10683999999999,Sin Falla
26.109917957917336,34.99605601698873,29.12624715545823,82.10683999999999,Sin Falla
24.935992059660492,35.41980917902301,30.071390469518214,83.10683999999999,Sin Falla
24.504979507375555,35.46487662856418,33.79587312207899,84.10683999999999,Sin Falla
25.366280806967406,35.590281441395526,45.290734292272475,85.10683999999999,Sin Falla
25.53693311866412,35.31371969661992,37.86602534559616,86.10683999999999,Sin Falla
25.32140288950052,35.48993883431685,47.58664265319605,87.10683999999999,Sin Falla
25.36175145194198,35.299989897495,34.20393655891513,88.10683999999999,Sin Falla
25.668868197724603,35.396922666471255,33.05150405989232,89.10683999999999,Sin Falla
25.191706482383857,35.99321540984894,41.79830196587307,90.10683999999999,Falla por Desgaste de Herramienta
25.085553202021757,34.95223248007399,31.493865800642777,93.70955714345621,Falla por Sobrecarga
24.71407144044049,35.12362534201661,36.60694493545926,92.43324403057554,Falla por Sobrecarga
24.496602405455523,35.38538039007703,44.82176285387594,96.11018345064579,Falla por Sobrecarga
24.86474283737712,35.14172192927353,34.67252045089573,102.09061849295396,Falla por Sobrecarga
25.055611165948157,35.42885289878362,29.06271158745239,96.08110648265166,Falla por Sobrecarga
24.288537373922274,35.09967597162376,31.17130238440041,97.0601822995706,Falla por Sobrecarga
24.829921045786083,35.20579868983351,26.7486607355496,96.51785612488358,Falla por Sobrecarga
25.592910118501806,35.01682439436166,40.1561390833219,98.07506331785821,Falla por Sobrecarga
25.012709271436616,35.245397591950194,40.54327879080761,99.60573107180556,Falla por Sobrecarga
24.65190385327233,35.15745564696208,35.01665093926969,106.04222343465537,Falla por Sobrecarga
24.550305613023795,35.41862523238394,26.085106477742197,96.45058633055466,Falla por Sobrecarga
25.146493604651933,34.842751913069904,32.676263327167845,90.36923227798444,Falla por Sobrecarga
24.5886837424428,35.13932456216417,32.29836216075218,92.50986265078308,Falla por Sobrecarga
25.145650215759332,35.09850275787275,28.038417249430033,95.25805975621786,Falla por Sobrecarga
24.385276072384798,35.303418465237215,39.18630931298097,98.08046662349439,Falla por Sobrecarga
25.112976719712726,34.95541414044473,31.578805703958945,95.5337454257033,Falla por Sobrecarga
25.055157551876956,35.01633877017721,29.597850861009302,96.98171585355344,Falla por Sobrecarga
24.71058440701216,35.27316610664405,33.456973580203446,93.53459755623794,Falla por Sobrecarga
24.32794927192599,35.169896200594216,31.91457242448968,106.86832218383046,Falla por Sobrecarga
24.52216153101162,35.16767391572448,29.764327281289496,98.57372262288976,Falla por Sobrecarga
24.65581010847962,35.230000363369875,42.607292953661045,95.07168615293973,Falla por Sobrecarga
25.36908520865811,35.10163880434056,26.568368797830388,96.36325141252381,Falla por Sobrecarga
24.875458929543974,35.176447008989136,25.978982224856296,91.13677446174714,Falla por Sobrecarga
24.31187450408333,35.17839710870677,22.8824710976251,96.03182979735985,Falla por Sobrecarga
25.255003207791347,35.2577484013528,15.05744428199695,101.56867966751092,Falla por Sobrecarga
24.964727921916968,34.975893466304555,35.09730096711073,95.18217192550838,Falla por Sobrecarga
24.7769956439718,35.15703804620473,33.044899857097825,94.23773410089424,Falla por Sobrecarga
23.963312058639595,35.252858665618795,22.579714946750187,90.51676152747062,Falla por Sobrecarga
25.5042191348849,35.062143291230036,27.287458641983676,91.5693042939289,Falla por Sobrecarga
25.675932468021017,35.28043099940338,27.74681333157097,94.28799244193493,Falla por Sobrecarga
24.79246903787922,35.04856403696208,27.157942570197847,99.10469874578595,Falla por Sobrecarga
25.08324201082106,35.203491210006824,42.402217904659345,88.07786237301914,Falla por Sobrecarga
24.16086118172806,35.01043576534251,38.11580033927021,82.40145979138916,Falla por Sobrecarga
24.8801773137756,35.39967483467626,19.9042403316392,86.78355649419976,Falla por Sobrecarga
25.08264106111099,35.297166843067174,35.18150561762539,92.53331028292259,Falla por Sobrecarga
23.997193716792722,35.19036262519173,34.0324793619132,88.56967029555196,Falla por Sobrecarga
24.804398398313356,35.171985255356454,27.676665757633693,84.36321696277878,Falla por Sobrecarga
24.917085723717026,34.877292269331456,32.72267548414636,99.64760189832336,Falla por Sobrecarga
25.55354875582471,35.20255757477909,31.01821956170389,102.41102193182537,Falla por Sobrecarga
23.51399174177861,36.23571937342245,42.82056887897084,81.10683999999999,Sin Falla
24.967735118697554,34.950886986537185,36.01736638392234,82.10683999999999,Sin Falla
25.273849967014588,35.344097271295446,31.936709948184095,83.10683999999999,Sin Falla
24.841142648806553,35.75770300184556,26.93435896423855,84.10683999999999,Sin Falla
24.648148496933125,35.38456401606734,46.52974501520446,85.10683999999999,Sin Falla
24.42414327635566,35.53496628294643,38.21956763488147,86.10683999999999,Sin Falla
24.767193777391224,35.56368318089845,36.47938370290256,87.10683999999999,Sin Falla
23.930266806514307,35.20545903815954,34.93628540029583,88.10683999999999,Sin Falla
23.860480403122693,35.10144242913687,38.09267861172086,89.10683999999999,Sin Falla
24.827464684225575,34.64414246067719,26.833442474956133,90.10683999999999,Falla por Sobrecarga
25.637693165412543,35.62541617484423,20.511717325920102,81.10683999999999,Sin Falla
25.311251721800456,35.31306290590184,36.341759148695324,82.10683999999999,Sin Falla
24.54581610633844,35.31350915215418,36.88274441703312,83.10683999999999,Sin Falla
25.05722720290605,35.19698085006364,35.18813177688272,84.10683999999999,Sin Falla
24.292840968391797,35.454890195889234,23.994176955567177,85.10683999999999,Sin Falla
25.441955861381874,35.533028297480776,45.56529408860269,86.10683999999999,Sin Falla
24.68504933563304,35.34007910617865,27.210429217536024,87.10683999999999,Sin Falla
24.459790518544818,35.573973008756425,8.463604994374158,88.10683999999999,Sin Falla
24.442272200895065,35.185630677186985,52.82576086215623,89.10683999999999,Sin Falla
25.21538268254249,34.917527221998085,27.093640845252377,90.10683999999999,Falla por Sobrecarga
25.121099035188564,35.809256250128556,42.046545610619575,81.10683999999999,Sin Falla
24.384463166536744,35.0688412725492,34.19109462339553,82.10683999999999,Sin Falla
25.302748005887253,35.85992242682705,22.810835901787797,83.10683999999999,Sin Falla
24.363160849247436,35.30273479829815,38.55519039583458,84.10683999999999,Sin Falla
23.3902629685561,35.371071628916596,39.52953480107801,85.10683999999999,Sin Falla
24.81270735219259,35.430065076968965,59.94311063712133,86.10683999999999,Sin Falla
25.74949803929766,34.97177679323148,19.422258575500205,87.10683999999999,Sin Falla
25.498926807745676,35.456147710161034,25.756908677300004,88.10683999999999,Sin Falla
25.20310672514051,35.07887221801645,42.34244540692301,89.10683999999999,Sin Falla
24.592634917118584,35.170164585742,36.60133594855608,90.10683999999999,Falla por Sobrecarga
25.203202184816956,35.793617146704534,45.02406338048479,81.10683999999999,Sin Falla
24.15937473863795,35.563842447279356,37.72355294284196,82.10683999999999,Sin Falla
24.55799746769945,35.207153929481116,39.531115925164876,83.10683999999999,Sin Falla
24.91371754188091,34.53551537079044,21.241644465785424,84.10683999999999,Sin Falla
24.29105985335105,35.871398417457065,52.192189729242365,85.10683999999999,Sin Falla
25.550358351149786,35.244406464731945,33.252422259692004,86.10683999999999,Sin Falla
24.914516211383525,34.91481733964717,24.880183451636363,87.10683999999999,Sin Falla
24.627834997012773,35.40737798763534,48.630240117734516,88.10683999999999,Sin Falla
24.42603918436437,35.30930685828305,39.21232441224429,89.10683999999999,Sin Falla
25.27466006207193,34.86637048535079,30.439649626692386,90.10683999999999,Falla por Sobrecarga
25.53705797834788,35.12059378761123,49.960903819657176,81.10683999999999,Sin Falla
26.023469214661365,35.46707428947477,29.4285994584028,82.10683999999999,Sin Falla
25.27293764340254,35.50270015206742,28.178304456947874,83.10683999999999,Sin Falla
24.83597461468606,35.17332946568049,29.796543063931075,84.10683999999999,Sin Falla
24.573400013404363,34.75259101787752,36.17840576186305,85.10683999999999,Sin Falla
23.895194172814957,35.13594947252938,23.532795721633498,86.10683999999999,Sin Falla
24.54454007478736,34.85824618504166,35.65292352002854,87.10683999999999,Sin Falla
23.70196268145548,35.45756222450359,47.68438074273459,88.10683999999999,Sin Falla
23.767543476257362,35.227475201682466,35.16591795804825,89.10683999999999,Sin Falla
24.425075164407033,34.665510334275574,55.17417536496402,90.10683999999999,Falla por Sobrecarga
25.59769311197514,35.842881727247736,20.651036122820745,81.10683999999999,Sin Falla
24.9293143801796,35.54012970650042,44.73352513865863,82.10683999999999,Sin Falla
25.578783290278672,35.42294364643067,23.83084524924438,83.10683999999999,Sin Falla
25.058325567581875,35.35929623790318,31.56438071415828,84.10683999999999,Sin Falla
25.018190379844818,35.504180808340216,33.52636882640707,85.10683999999999,Sin Falla
25.05981551830511,35.47363283199151,30.43395628725729,86.10683999999999,Sin Falla
25.284066135824443,34.96047274344184,33.806157160347425,87.10683999999999,Sin Falla
24.918452760604083,35.59164819141949,27.6609579813455,88.10683999999999,Sin Falla
24.483133038474275,35.254273350921004,22.596025239846362,89.10683999999999,Sin Falla
25.72874852173512,35.099951384997205,38.39523801792314,90.10683999999999,Falla por Sobrecarga
24.088298752544507,35.28381126288658,30.515378782084564,81.10683999999999,Sin Falla
25.207305089908193,35.332460489262075,18.190953316435877,82.10683999999999,Sin Falla
25.45726267294946,35.13458275526686,19.19126294452022,83.10683999999999,Sin Falla
25.94676826196361,35.335171795161095,22.515729689686253,84.10683999999999,Sin Falla
24.330098089046515,36.017022112380246,47.19901555629321,85.10683999999999,Sin Falla
24.185812408136215,35.36586669206214,38.657786077636494,86.10683999999999,Sin Falla
25.116794435328824,35.4673540149179,14.523571225356402,87.10683999999999,Sin Falla
25.07910081857199,35.49784002811434,40.50153661783955,88.10683999999999,Sin Falla
25.571150544562876,35.54804762436117,16.097353068266084,89.10683999999999,Sin Falla
25.728324888888785,36.03350614738161,38.9761282466487,90.10683999999999,Falla por Sobrecarga
26.716572429166803,35.7816180147987,38.47982239766612,81.10683999999999,Sin Falla
24.412524544810466,35.67821447499353,51.748702269815084,82.10683999999999,Sin Falla
25.23511155057209,35.93955223144322,38.788768476104416,83.10683999999999,Sin Falla
25.611440745537074,35.7041508481392,29.142879259589847,84.10683999999999,Sin Falla
25.112134527392314,35.556132708570814,36.943585783606466,85.10683999999999,Sin Falla
25.376817880130456,34.941906459270626,46.42799080822143,86.10683999999999,Sin Falla
25.001015567433544,35.11702194879714,19.288187693593535,87.10683999999999,Sin Falla
23.837412149445655,34.94113671466841,26.745647235281208,88.10683999999999,Sin Falla
23.98069937394052,35.19872903397314,30.99475676627668,89.10683999999999,Sin Falla
24.60165465182765,35.72768976831657,30.224080523595152,90.10683999999999,Falla por Sobrecarga
24.888912759917098,34.99429529330863,47.00176433235627,81.10683999999999,Sin Falla
24.07649575553864,35.44403793977159,39.34440452790625,82.10683999999999,Sin Falla
25.583007030085785,35.9090062435775,42.40984626764271,83.10683999999999,Sin Falla
24.549389352512886,35.7465914396098,38.63118175516884,84.10683999999999,Sin Falla
24.533037013432192,35.683122684992,32.01585289674398,85.10683999999999,Sin Falla
25.400847036418206,34.885271032160354,28.081717299254624,86.10683999999999,Sin Falla
24.357480944345934,35.226226574396996,18.703634643378628,87.10683999999999,Sin Falla
25.606213699697264,35.56118348196487,40.14565813673042,88.10683999999999,Sin Falla
24.509804856669003,34.98010086259706,35.504541944880046,89.10683999999999,Sin Falla
25.411248551144702,35.316892698845464,46.96375478401322,90.10683999999999,Falla por Sobrecarga
25.69507539698851,35.45815300996665,39.290055451327454,81.10683999999999,Sin Falla
24.75645694857501,35.330044525574195,32.147217759834334,82.10683999999999,Sin Falla
24.47728385697516,35.349107796759306,46.21084062485402,83.10683999999999,Sin Falla
25.573550138551564,35.06727002596298,40.652027405054085,84.10683999999999,Sin Falla
24.842799559712137,35.436573444367056,28.972691483685637,85.10683999999999,Sin Falla
25.07041440689943,35.203954261777966,24.465932968478416,86.10683999999999,Sin Falla
24.76196947068616,35.439684727506894,35.77603636121604,87.10683999999999,Sin Falla
24.438914881545816,34.7146456662241,36.74977927564941,88.10683999999999,Sin Falla
24.40415237718356,35.74461504573155,35.295551113458245,89.10683999999999,Sin Falla
24.793924850095806,35.12379966425456,25.153228226574683,90.10683999999999,Falla por Sobrecarga
25.294901833631155,35.51991786424129,40.12943049884797,81.10683999999999,Sin Falla
25.121000015485546,35.100811628822505,61.22781746790423,82.10683999999999,Sin Falla
24.488744351140497,34.66703702081136,42.20078288938022,83.10683999999999,Sin Falla
24.612218180371045,35.19671526671862,33.91016830784201,84.10683999999999,Sin Falla
24.627984278125986,35.128838667787605,23.502248845155485,85.10683999999999,Sin Falla
24.872501497678154,35.40544519347653,38.7730231643122,86.10683999999999,Sin Falla
25.228528283978417,35.07004960268459,34.91665764725229,87.10683999999999,Sin Falla
25.34543319694132,35.717671990916614,12.269718117065935,88.10683999999999,Sin Falla
24.528590613532167,35.05985217557865,23.17969421935311,89.10683999999999,Sin Falla
25.0587988785,34.770799847665174,45.25744656734777,90.10683999999999,Falla por Sobrecarga
23.155780730333277,35.55004002515482,48.320232452717825,81.10683999999999,Sin Falla
24.828475251397418,35.17448532486156,36.58747906666737,82.10683999999999,Sin Falla
24.976284761753444,35.40872176225559,46.369973027952724,83.10683999999999,Sin Falla
24.481555903146933,35.44640578588638,44.05076977865164,84.10683999999999,Sin Falla
24.26774547356366,35.48794410672108,17.314564333195083,85.10683999999999,Sin Falla
24.015739433909296,34.79570446882944,24.98058479927308,86.10683999999999,Sin Falla
25.24225877431516,36.19258116836874,46.10093179956003,87.10683999999999,Sin Falla
24.714623366877937,34.847983699453614,46.72799928663176,88.10683999999999,Sin Falla
23.85236700996842,35.36167939651083,44.25009796510527,89.10683999999999,Sin Falla
25.058608832384305,34.95278906249638,43.74904617090974,90.10683999999999,Falla por Sobrecarga
24.638565522349275,35.17158940158366,33.615286155286256,81.10683999999999,Sin Falla
25.01043394659111,34.92474232518169,32.03779008370966,82.10683999999999,Sin Falla
24.04644776891074,35.564338992250725,24.04432654517542,83.10683999999999,Sin Falla
24.785523760002306,35.592214510342856,36.234561489597205,84.10683999999999,Sin Falla
24.619319947248968,34.889593558758975,44.02099898961822,85.10683999999999,Sin Falla
25.417491773189663,34.469257086182594,45.45082989275568,86.10683999999999,Sin Falla
25.433833942020563,34.869012127338436,32.83423994564907,87.10683999999999,Sin Falla
24.474665173328873,35.304760373972556,37.00927956896626,88.10683999999999,Sin Falla
25.252932045267723,34.67733215376905,39.47734145654989,89.10683999999999,Sin Falla
24.44657495592739,35.13075400000108,15.200380288967366,90.10683999999999,Falla por Sobrecarga
25.426105621901005,35.56494706995798,39.33246460551981,81.10683999999999,Sin Falla
24.81289860097429,35.526074634814954,26.82723575688056,82.10683999999999,Sin Falla
24.19247840501368,35.28728629134267,39.566480951721445,83.10683999999999,Sin Falla
24.25965598599944,35.655867923522436,43.80160993000404,84.10683999999999,Sin Falla
25.85515045084827,36.04182783752623,38.92184525286024,85.10683999999999,Sin Falla
24.854125759479153,35.231662425617046,44.03604861366453,86.10683999999999,Sin Falla
25.32221644445952,35.316918382097874,17.423629362800273,87.10683999999999,Sin Falla
23.655316312467765,35.08416999389493,33.58145888730066,88.10683999999999,Sin Falla
25.568840147470375,35.6644557423082,27.62775008518615,89.10683999999999,Sin Falla
24.090524637781368,34.97198718331975,29.64494170656838,90.10683999999999,Falla por Sobrecarga
24.663556964716385,35.9910867872269,40.882279781079376,81.10683999999999,Sin Falla
25.221485723423555,35.385523655358206,25.17332130629716,82.10683999999999,Sin Falla
24.86952798063154,35.86599895498204,42.46915547195916,83.10683999999999,Sin Falla
24.71222668910823,35.34875151581203,47.54216819955096,84.10683999999999,Sin Falla
24.44949131346464,35.133835004675966,40.84154374801286,85.10683999999999,Sin Falla
24.32590922136183,34.968659584685795,22.34468252455753,86.10683999999999,Sin Falla
25.188006180810035,35.59666266019777,35.39467036312706,87.10683999999999,Sin Falla
23.749181332747195,35.56501530816448,41.19731582959953,88.10683999999999,Sin Falla
26.43251765806796,35.1845304727938,29.240470767363377,89.10683999999999,Sin Falla
24.92950751664548,35.277396613082,39.338837810857356,90.10683999999999,Falla por Sobrecarga
23.316657349195918,36.03734413229676,33.89894661340504,81.10683999999999,Sin Falla
24.978197850803014,35.5227213920168,43.1823092471475,82.10683999999999,Sin Falla
24.629502003976416,35.22211199377285,44.83111298270246,83.10683999999999,Sin Falla
24.30147386583282,35.51744013775764,47.76316707298266,84.10683999999999,Sin Falla
24.784219948496318,34.95337380096962,11.232339514845215,85.10683999999999,Sin Falla
24.919854396122975,35.17864310841378,6.271784465393431,86.10683999999999,Sin Falla
24.735834798774047,35.2064249456099,33.78046944044764,87.10683999999999,Sin Falla
23.657730764315374,34.900340431214815,34.88789905107052,88.10683999999999,Sin Falla
24.65301824227812,35.16401753665465,24.87393146234735,89.10683999999999,Sin Falla
25.514658746864402,35.190676665614404,16.199404454691887,90.10683999999999,Falla por Sobrecarga
25.111665834352458,35.41255369769176,38.15061603928753,81.10683999999999,Sin Falla
25.315441094883965,35.3042887888687,38.51792937267473,82.10683999999999,Sin Falla
24.767156261154284,35.61721116311776,45.63604123914065,83.10683999999999,Sin Falla
25.381650254889966,35.28081461288189,40.60620928980887,84.10683999999999,Sin Falla
25.18807784043039,34.891934640697905,48.27259883836117,85.10683999999999,Sin Falla
24.991848606625705,35.25566413802075,49.55650992799512,86.10683999999999,Sin Falla
25.411781242096104,35.36758675180532,29.269176849319486,87.10683999999999,Sin Falla
25.89499749219902,34.91215542061874,45.52145167150921,88.10683999999999,Sin Falla
25.575958238033373,34.99306443503338,32.96387115358527,89.10683999999999,Sin Falla
24.550413303692263,35.216286418979124,34.13473432806024,90.10683999999999,Falla por Sobrecarga
24.706292668612573,35.37493573645909,50.63192746335906,81.10683999999999,Sin Falla
24.89776723236978,35.74393614533753,21.332238352642634,82.10683999999999,Sin Falla
24.07638536080922,35.48563775067523,26.72945712805584,83.10683999999999,Sin Falla
25.476454352706362,35.45824104631174,51.26814444634648,84.10683999999999,Sin Falla
24.328449836206836,34.81986513483355,31.079056710697994,85.10683999999999,Sin Falla
24.547369607102667,35.51101140057882,31.75500440031841,86.10683999999999,Sin Falla
25.345479397830154,35.003383035366035,31.548259419509343,87.10683999999999,Sin Falla
24.534391483329642,35.39189039133689,29.730912555130548,88.10683999999999,Sin Falla
25.344608985268767,35.461143681310965,34.88834799915464,89.10683999999999,Sin Falla
24.700181327350112,35.89590137513046,28.8962042819477,90.10683999999999,Falla por Sobrecarga
24.876421504091034,35.13066775689001,39.57598305410883,81.10683999999999,Sin Falla
24.856653094768596,35.614256106314414,24.771111974620208,82.10683999999999,Sin Falla
24.02325418679533,35.30780805212838,33.70367780946321,83.10683999999999,Sin Falla
25.199275113440574,35.4005019815239,35.316422361668806,84.10683999999999,Sin Falla
24.921489667641016,35.54898314358907,26.684882066723596,85.10683999999999,Sin Falla
24.81794700249662,35.043549952700246,47.01813454632557,86.10683999999999,Sin Falla
25.282478867214092,35.272378476535714,27.146829637271487,87.10683999999999,Sin Falla
25.093322024227607,34.85559442350021,18.116596256534415,88.10683999999999,Sin Falla
23.850061446539456,34.894931920725156,35.844895451721825,89.10683999999999,Sin Falla
25.781936644950246,34.701646068795235,37.03291926206168,90.10683999999999,Falla por Sobrecarga
